PHSAFQ.MI,SAFE CAPITAL SICAV Dynamic Allc Q EURAcc
PHSARQ.MI,Pharus SICAV Conservative Q EUR Acc
CQQQ,Tech Index China
PHSTQ.MI,Pharus SICAV Target Q EUR Inc
VECP.MI,Vanguard EUR Corporate Bond UCITS ETF
BBSC.MI,JPMorgan ETFs (Ireland) ICAV - BetaBuilders US Small Cap Equity UCITS ETF
AIGO.MI,WisdomTree Petroleum
SMARTU.MI,Lyxor Smart Overnight Return
UBBB.MI,Amundi Index Solutions - Amundi Global Corp SRI 1-5Y
AIGL.MI,WisdomTree Livestock
XMEM.MI,Xtrackers MSCI Emerging Markets Swap UCITS ETF
ETFUST.MI,Amundi Index Solutions - Amundi Prime US Treasury
X13G.MI,Amundi Index Solutions - Amundi Govt Bond Lowest Rated Euro Investment Grade 1-3
3BUS.MI,WisdomTree Bund 10Y 3x Daily Short
USIG.MI,Lyxor Index Fund - Lyxor ESG USD Corporate Bond (DR) UCITS ETF
TINM.MI,WisdomTree Tin
FAAN.MI,Leverage Shares FAANG+ ETP
HWDE.MI,HSBC MSCI World UCITS ETF EUR Hedged (Acc)
USYH.MI,Lyxor Index Fund - Lyxor ESG USD High Yield (DR) UCITS ETF
FRNW.MI,Fidelity Clean Energy UCITS ETF
V3NL.MI,Vanguard Funds Plc - Vanguard Esg North America All Cap Ucits ETF
WTID.MI,WisdomTree Bloomberg WTI Crude Oil ETF
LCWLD.MI,BNP PARIBAS EASY - Low Carbon 300 World PAB
LAGR.MI,WisdomTree Agriculture 2x Daily Leveraged
FSME.MI,Fidelity Sustainable Global Corporate Bond Paris-Aligned Multifactor UCITS ETF
UTIW.MI,Amundi S&P Global Utilities ESG UCITS ETF
TREL.MI,Invesco US Treasury Bond 10+ Year UCITS ETF
FUSA.MI,Fidelity US Quality Income ETF
EBBB.MI,Amundi Index Solutions - Amundi Index Euro Corp Bond 1-5Y ESG UCITS
GREAL.MI,BNP Paribas Easy FTSE EPRA Nareit Developed Europe ex UK Green CTB
AIPE.MI,AXA IM Euro Credit PAB UCITS ETF
ESOY.MI,WisdomTree Soybeans - EUR Daily Hedged
DRVE.MI,Global X Autonomous & Electric Vehicles UCITS ETF
X1G.MI,Amundi Index Solutions - Amundi Govt Bond Lowest Rated Euro Investment Grade
EUES.MI,iShares € Ultrashort Bond ESG UCITS ETF
ACLU.MI,AXA IM ACT Climate Equity UCITS ETF
GAGH.MI,Amundi Index Solutions - Amundi Index Global AGG 500M
ETFGLO.MI,Amundi Index Solutions - Amundi Prime Global
LCOC.MI,WisdomTree Cocoa 2x Daily Leveraged
B500.MI,Amundi Index Solutions - Amundi S&P 500 Buyback
WSPX.MI,WisdomTree S&P 500
SJNK.MI,SPDR Bloomberg SASB U.S. High Yield Corporate ESG UCITS ETF
EIMT.MI,WisdomTree Industrial Metals - EUR Daily Hedged
JSEG.MI,JPM Glb Res Enh SRI Par UCITS E
LPET.MI,WisdomTree Petroleum 2x Daily Leveraged
AHYE.MI,Amundi Index Solutions - Amundi EURO High Yield Bond ESG
AGEB.MI,Amundi Index Solutions - Amundi Global Emerging Bond Markit IBOXX
ENIK.MI,WisdomTree Nickel - EUR Daily Hedged
3AMZ.MI,Leverage Shares 3x Amazon ETC
SETM.MI,HANetf ICAV - Sprott Energy Transition Materials UCITS ETF
EMD5.MI,L&G ESG Emerging Markets Government Bond (USD) 0-5 Year UCITS ETF
PLAN.MI,Lyxor Corporate Green Bond (DR) UCITS ETF
PAEU.MI,Invesco MSCI Europe ESG Climate Paris Aligned UCITS ETF
HAGG.MI,HSBC Bloomberg Glabal Sustainable Aggregate 1-3 Year Bond UCITS ETF
V3MA.MI,Vanguard ESG Emerging Markets All Cap UCITS ETF
WRCY.MI,WisdomTree Recycling Decarbonisation UCITS ETF
ANAU.MI,AXA IM NASDAQ 100 UCITS ETF
IUKP.MI,iShares UK Property UCITS ETF
3SNI.MI,GraniteShares 3x Short NIO Daily ETC
CEU.MI,Amundi Index Solutions - Amundi MSCI Europe ESG Broad CTB
3UBS.MI,WisdomTree Bund 30Y 3x Daily Short
SRIC5.MI,BNP Paribas Easy € Corp Bond SRI PAB 3-5Y
LINXB.MI,Investlinx Balanced Income UCITS ETF
3SAM.MI,GraniteShares 3x Short AMD Daily ETC
ACAGLO.MI,AcomeA Globale Q2
BOTZ.MI,Global X Robotics & Artificial Intelligence UCITS ETF
ALUM.MI,WisdomTree Aluminium
SRIE.MI,BNP Paribas Easy MSCI Europe SRI S-Series PAB 5% Capped
FAEU.MI,Invesco US High Yield Fallen Angels UCITS ETF
3LMO.MI,GraniteShares 3x Long Moderna Daily ETC
BLOK.MI,First Trust Indxx Innovative Transaction & Process UCITS ETF
IEWQ.MI,IVZ NASDAQ 100 Equal Weight UCI
COTN.MI,WisdomTree Cotton
V3PA.MI,Vanguard ESG Developed Asia Pacific All Cap UCITS ETF USD Accumulating
AIGE.MI,WisdomTree Energy
FSMF.MI,Fidelity Sustainable Global Corporate Bond Paris-Aligned Multifactor UCITS ETF
SALL.MI,WisdomTree Broad Commodities 1x Daily Short
FMET.MI,Fidelity Metaverse UCITS ETF
CCBO.MI,WisdomTree AT1 CoCo Bond UCITS ETF
IITA.MI,iShares V PLC - iShares Italy Govt Bond UCITS ETF EUR (Dist)
EMLI.MI,PIMCO ETFs plc PIMCO Emerging Markets Advantage Local Bond UCITS ETF
WTI2S.MI,SG ETC Daily Short -2X WTI Oil Future
XDEE.MI,Xtrackers S&P 500 Equal Weight UCITS ETF
EXX5.MI,iShares Dow Jones U.S. Select Dividend UCITS ETF (DE)
TIGR.MI,L&G India INR Government Bond UCITS ETF
3LUB.MI,GraniteShares 3x Long Uber Daily ETP
VNGA40.MI,Vanguard LifeStrategy 40% Equity UCITS ETF
TELEW.MI,Amundi S&P Global Communication Services ESG UCITS ETF
ECR1.MI,Amundi Index Solutions Amundi Euro Corp 0-1Y ESG
EGDGR.MI,BNP Paribas Easy FTSE EPRA Nareit Global Developed Green CTB
FLESA.MI,Franklin Euro Short Maturity UCITS ETF
JU13.MI,JPMorgan ETFs (Ireland) ICAV - BetaBuilders US Treasury Bond 1-3 yr UCITS ETF
2LZM.MI,GraniteShares 2x Long Zoom Daily ETP
3LSP.MI,GraniteShares 3x Long Intesa Sanpaolo Daily ETP
VNRA.MI,Vanguard FTSE North America UCITS ETF
BRE2L.MI,SG ETC DAILY LONG +2X BRENT OIL FUTURE
3SCR.MI,GraniteShares 3x Short UniCredit Daily ETP
CB5.MI,Amundi ETF MSCI Europe Banks UCITS ETF
USHY.MI,Lyxor Index Fund - Lyxor ESG USD High Yield (DR) UCITS ETF
COCO.MI,WisdomTree Cocoa
FCLD.MI,Fidelity Cloud Computing UCITS ETF
3NGS.MI,WisdomTree Natural Gas 3x Daily Short
BTPL5.MI,SG ETN DAILY LONG 5X BTP FUTURE
FSKY.MI,First Trust Cloud Computing UCITS ETF
GCVE.MI,SPDR Refinitiv Global Convertible Bond UCITS ETF
FXC.MI,iShares China Large Cap UCITS ETF
HSEM.MI,HSBC Emerging Market Sustainable Equity UCITS ETF
EDSRI.MI,Amundi Index Solutions - Amundi MSCI Europe SRI PAB
GBHY.MI,Invesco Markets II plc - Invesco Global High Yield Corporate Bond ESG UCITS ETF
LNIK.MI,WisdomTree Nickel 2x Daily Leveraged
5TYS.MI,WisdomTree US Treasuries 10Y 5x Daily Short
3LPP.MI,GraniteShares 3x Long PayPal Daily ETP
FMI.MI,Amundi Index Solutions - Amundi ITALY MIB ESG
EMSRI.MI,Amundi Index Solutions - Amundi Index MSCI Emerging Markets SRI PAB
DHS.MI,WisdomTree US Equity Income UCITS ETF
AGGH.MI,iShares Core Global Aggregate Bond UCITS ETF
CCLN.MI,Global X China Clean Energy UCITS ETF
MUSRI.MI,BNP Paribas Easy MSCI EMU SRI S-Series PAB 5% Capped
SPXE.MI,SPDR S&P 500 UCITS ETF
HMCH.MI,HSBC MSCI China UCITS ETF
QQQ3.MI,WisdomTree NASDAQ 100 3x Daily
WATT.MI,WisdomTree Battery Metals
SRIC3.MI,BNP Paribas Easy Corp Bond SRI PAB 1-3Y
FLXT.MI,Franklin FTSE Taiwan UCITS ETF
H50E.MI,HSBC EURO STOXX 50 UCITS ETF
QCEU.MI,Amundi Index Solutions - Amundi MSCI Europe Quality Factor
LCOR.MI,WisdomTree Corn 2x Daily Leveraged
3SIS.MI,WisdomTree Silver 3x Daily Short
3CFL.MI,WisdomTree Coffee 3x Daily Leveraged
SMART.MI,Lyxor Smart Overnight Return
INFR.MI,iShares Global Infrastructure UCITS ETF
WDTE.MI,Invesco Markets II plc - Invesco S&P World Information Technology ESG UCITS ETF
AASI.MI,Amundi Index Solutions - Amundi MSCI Em Asia
IITB.MI,iShares V PLC - iShares Italy Govt Bond UCITS ETF EUR (Dist)
US10C.MI,Amundi US Treasury Bond 10+Y UCITS ETF
SIL3S.MI,SG ETC DAILY SHORT -3X SILVER FUTURE
CIBR.MI,First Trust Nasdaq Cybersecurity UCITS ETF
EMWE.MI,BNP Paribas Easy MSCI World SRI S-Series PAB 5% Capped
STPU.MI,MULTI-UNITS LUXEMBOURG - Lyxor US Curve Steepening 2-10 UCITS ETF
EENG.MI,BNP Paribas Easy ECPI Global ESG Infrastructure
CINA.MI,Lyxor MSCI China ESG Leaders Extra (DR) UCITS ETF
ESEH.MI,BNP Paribas Easy S&P 500 UCITS ETF
PCOM.MI,WisdomTree Broad Commodities UCITS ETF
ERTH.MI,Lyxor Euro Government Green Bond (DR) UCITS ETF
FAMTEL.MI,Fineco AM MSCI World Information Technology ESG Leaders 20% Capped UCITS ETF
VHVE.MI,Vanguard FTSE Developed World UCITS ETF
HSGE.MI,HSBC Global Funds ICAV - Global Sustainable Government Bond UCITS ETF
UQLTE.MI,UBS (Irl) ETF plc - Factor MSCI USA Quality ESG UCITS ETF
C40.MI,Amundi Index Solutions - Amundi CAC 40 ESG
C73.MI,Amundi ETF Govt Bond Euro Broad Investment Grade 7-10 UCITS ETF DR
ETFUSC.MI,Amundi Index Solutions - Amundi Prime US Corporates
C50.MI,Amundi Index Solutions - Amundi EURO STOXX 50
COPA.MI,WisdomTree Copper
C300.MI,Invesco Markets plc - Invesco S&P China A 300 Swap UCITS ETF
FTNG.MI,GraniteShares FATANG ETC
HPRD.MI,HSBC FTSE EPRA NAREIT Developed UCITS ETF
HSUD.MI,HSBC USA Sustainable Equity UCITS ETF
EPRA.MI,Amundi Index Solutions - Amundi Index FTSE EPRA NAREIT Global
FDHT.MI,Fidelity Digital Health UCITS ETF
3OIL.MI,WisdomTree WTI Crude Oil 3x Daily Leveraged ETN
INRG.MI,iShares Global Clean Energy UCITS ETF
EVOU.MI,BNP Paribas Easy ESG Equity Low Vol US
GAS2S.MI,SG ETC Daily Short -2X Natural Gas Future
BLTH.MI,iShares Blockchain Technology UCITS ETF
LCFE.MI,WisdomTree Coffee 2x Daily Leveraged
VEVE.MI,Vanguard FTSE Developed World UCITS ETF
3OIS.MI,WisdomTree WTI Crude Oil 3x Daily Short ETN
3NVD.MI,Leverage Shares 3x NVIDIA ETC
DFEA.MI,WisdomTree Europe SmallCap Dividend UCITS ETF
IESE.MI,iShares MSCI Europe SRI UCITS ETF
EEA.MI,BNP Paribas Easy FTSE EPRA/NAREIT Eurozone Capped
PHAG.MI,WisdomTree Physical Silver
THMZ.MI,L&G Global Thematic ESG Exclusions UCITS ETF
BTC.MI,Mélanion BTC Equities Universe UCITS ETF
VEGI.MI,VanEck Sustainable Future of Food UCITS ETF
JAGA.MI,JPM Active Glb Agg Bond UCITS E
3SPA.MI,GraniteShares 3x Short Palantir Daily ETC
3LNV.MI,GraniteShares 3x Long NVIDIA Daily ETP
SOIL.MI,WisdomTree WTI Crude Oil 1x Daily Short
3LCO.MI,GraniteShares 3x Long Coinbase Daily ETP
CORN.MI,WisdomTree Corn
HMWD.MI,HSBC MSCI World UCITS ETF
VUAA.MI,Vanguard S&P 500 UCITS ETF
CAUT.MI,Global X China Electric Vehicle and Battery UCITS ETF
3TYL.MI,WisdomTree US Treasuries 10Y 3x Daily Leveraged
3LNF.MI,GraniteShares 3x Long Netflix Daily ETP
ESPY.MI,L&G Emerging Cyber Security ESG Exclusions UCITS ETF
FAMMWF.MI,Fineco AM MSCI World Financials ESG Leaders UCITS ETF
5HGE.MI,Ossiam ESG Shiller Barclays CAPE Global Sector UCITS ETF
LALU.MI,WisdomTree Aluminium 2x Daily Leveraged
3RAC.MI,Leverage Shares 3x Long Ferrari
1PAS.MI,WisdomTree Palladium 1x Daily Short
AIGP.MI,WisdomTree Precious Metals
EMKT.MI,Amundi MSCI Emerging Markets III UCITS ETF
EGRA.MI,WisdomTree Eurozone Quality Dividend Growth UCITS ETF
AFRN.MI,Amundi Index Solutions - Amundi EUR Floating Rate Corporate Bond ESG
C5S.MI,Amundi ETF Short Euro Stoxx 50 Daily UCITS ETF
EFPX.MI,First Trust IPOX Europe Equity Opportunities UCITS ETF
EXSI.MI,iShares EURO STOXX UCITS ETF (DE)
JGRN.MI,Jpm Green Social Sustainable Bond UCITS ETF
CEU.MI,Amundi Index Solutions - Amundi MSCI Europe ESG Broad CTB
3UBS.MI,WisdomTree Bund 30Y 3x Daily Short
SRIC5.MI,BNP Paribas Easy € Corp Bond SRI PAB 3-5Y
LINXB.MI,Investlinx Balanced Income UCITS ETF
3SAM.MI,GraniteShares 3x Short AMD Daily ETC
ACAGLO.MI,AcomeA Globale Q2
BOTZ.MI,Global X Robotics & Artificial Intelligence UCITS ETF
SRIE.MI,BNP Paribas Easy MSCI Europe SRI S-Series PAB 5% Capped
FAEU.MI,Invesco US High Yield Fallen Angels UCITS ETF
WBLK.MI,WisdomTree Blockchain UCITS ETF
CAUT.MI,Global X China Electric Vehicle and Battery UCITS ETF
3TYL.MI,WisdomTree US Treasuries 10Y 3x Daily Leveraged
3LNF.MI,GraniteShares 3x Long Netflix Daily ETP
ESPY.MI,L&G Emerging Cyber Security ESG Exclusions UCITS ETF
CATHEM.MI,Franklin Catholic Principles Emerging Markets Sovereign Debt UCITS ETF
3LNI.MI,GraniteShares 3x Long NIO Daily ETC
EJAH.MI,BNPP E MSCI Japan ESG Filtered Min TE
3BAB.MI,Leverage Shares 3x Alibaba ETC Securities
CH5.MI,Amundi ETF MSCI Europe Healthcare UCITS ETF
GLAG.MI,SPDR Bloomberg Global Aggregate Bond USD Hdg UCITS ETF Acc
GBE5.MI,WisdomTree Short GBP Long EUR 5x Daily
NESG.MI,Invesco Markets II plc - Invesco NASDAQ-100 ESG UCITS ETF
3FB.MI,Leverage Shares 3x Facebook ETP Scs
JPCT.MI,JPMorgan ETFs (Ireland) ICAV - Carbon Transition Global Equity (CTB) UCITS ETF
CNYE.MI,iShares MSCI China A UCITS ETF
LDCE.MI,PIMCO ETFs plc - Euro Low Duration Corporate Bond UCITS ETF
EXVM.MI,iShares eb.rexxGovernment Germany 0-1yr UCITS ETF (DE)
EMCR.MI,iShares V PLC - iShares J.P. Morgan $ EM Corp Bond UCITS ETF
GFOF.MI,Grayscale Future of Finance UCITS ETF
METE.MI,Franklin Metaverse UCITS ETF
WMTS.MI,iShares MSCI World Materials Sector ESG UCITS ETF
VFEM.MI,Vanguard FTSE Emerging Markets UCITS ETF
U10H.MI,Amundi US Treasury Bond 10+Y UCITS ETF
CHIN.MI,KraneShares ICBCCS S&P China 500 Index UCITS ETF
3LEN.MI,GraniteShares 3x Long Eni Daily ETP
3GOL.MI,WisdomTree Gold 3x Daily Leveraged
ATIP.MI,Amundi Index Solutions - Amundi Index US Gov Inflation-Linked Bond
5HGE.MI,Ossiam ESG Shiller Barclays CAPE Global Sector UCITS ETF
LALU.MI,WisdomTree Aluminium 2x Daily Leveraged
3RAC.MI,Leverage Shares 3x Long Ferrari
1PAS.MI,WisdomTree Palladium 1x Daily Short
EMKT.MI,Amundi MSCI Emerging Markets III UCITS ETF
EGRA.MI,WisdomTree Eurozone Quality Dividend Growth UCITS ETF
EEUE.MI,BNP PARIBAS EASY MSCI EUROPE ESG FILTERED MIN TE
ECPA.MI,SPDR MSCI Europe Climate Paris Aligned UCITS ETF
BLOK.MI,First Trust Indxx Innovative Transaction & Process UCITS ETF
COTN.MI,WisdomTree Cotton
V3PA.MI,Vanguard ESG Developed Asia Pacific All Cap UCITS ETF USD Accumulating
AIGE.MI,WisdomTree Energy
SALL.MI,WisdomTree Broad Commodities 1x Daily Short
FMET.MI,Fidelity Metaverse UCITS ETF
BBSC.MI,JPMorgan ETFs (Ireland) ICAV - BetaBuilders US Small Cap Equity UCITS ETF
AIGO.MI,WisdomTree Petroleum
SMARTU.MI,Lyxor Smart Overnight Return
UBBB.MI,Amundi Index Solutions - Amundi Global Corp SRI 1-5Y
AIGL.MI,WisdomTree Livestock
CCBO.MI,WisdomTree AT1 CoCo Bond UCITS ETF
XMEM.MI,Xtrackers MSCI Emerging Markets Swap UCITS ETF
JU13.MI,JPMorgan ETFs (Ireland) ICAV - BetaBuilders US Treasury Bond 1-3 yr UCITS ETF
ECR1.MI,Amundi Index Solutions Amundi Euro Corp 0-1Y ESG
EGDGR.MI,BNP Paribas Easy FTSE EPRA Nareit Global Developed Green CTB
FLESA.MI,Franklin Euro Short Maturity UCITS ETF
3LSP.MI,GraniteShares 3x Long Intesa Sanpaolo Daily ETP
VNRA.MI,Vanguard FTSE North America UCITS ETF
BRE2L.MI,SG ETC DAILY LONG +2X BRENT OIL FUTURE
3SCR.MI,GraniteShares 3x Short UniCredit Daily ETP
CB5.MI,Amundi ETF MSCI Europe Banks UCITS ETF
USHY.MI,Lyxor Index Fund - Lyxor ESG USD High Yield (DR) UCITS ETF
ETFUST.MI,Amundi Index Solutions - Amundi Prime US Treasury
X13G.MI,Amundi Index Solutions - Amundi Govt Bond Lowest Rated Euro Investment Grade 1-3
3BUS.MI,WisdomTree Bund 10Y 3x Daily Short
USIG.MI,Lyxor Index Fund - Lyxor ESG USD Corporate Bond (DR) UCITS ETF
TINM.MI,WisdomTree Tin
FAAN.MI,Leverage Shares FAANG+ ETP
HWDE.MI,HSBC MSCI World UCITS ETF EUR Hedged (Acc)
USYH.MI,Lyxor Index Fund - Lyxor ESG USD High Yield (DR) UCITS ETF
FRNW.MI,Fidelity Clean Energy UCITS ETF
V3NL.MI,Vanguard Funds Plc - Vanguard Esg North America All Cap Ucits ETF
WTID.MI,WisdomTree Bloomberg WTI Crude Oil ETF
LCWLD.MI,BNP PARIBAS EASY - Low Carbon 300 World PAB
LAGR.MI,WisdomTree Agriculture 2x Daily Leveraged
FSME.MI,Fidelity Sustainable Global Corporate Bond Paris-Aligned Multifactor UCITS ETF
UTIW.MI,Amundi S&P Global Utilities ESG UCITS ETF
TREL.MI,Invesco US Treasury Bond 10+ Year UCITS ETF
FUSA.MI,Fidelity US Quality Income ETF
GREAL.MI,BNP Paribas Easy FTSE EPRA Nareit Developed Europe ex UK Green CTB
AIPE.MI,AXA IM Euro Credit PAB UCITS ETF
ESOY.MI,WisdomTree Soybeans - EUR Daily Hedged
PSRW.MI,Invesco FTSE RAFI All World 3000 UCITS ETF
GOLD.MI,Amundi Physical Gold ETC
CSYU.MI,Credit Suisse Index Fund (IE) ETF ICAV - CSIF (IE) MSCI USA Tech 125 ESG Universal Blue UCITS ETF
AIGC.MI,WisdomTree Broad Commodities
3FNG.MI,GraniteShares 3x Long FAANG Daily ETC
5ESG.MI,Invesco S&P 500 ESG UCITS ETF
WTRE.MI,WisdomTree New Economy Real Estate UCITS ETF
TEMP.MI,JPMorgan ETFs (Ireland) ICAV - Climate Change Solutions UCITS ETF
UGAS.MI,WisdomTree Gasoline
CB3.MI,AMUNDI EURO GOVERNMENT TILTED GREEN BOND UCITS ETF Acc
NDQ3S.MI,SG ETN Daily Short -3X NASDAQ
VEUR.MI,Vanguard FTSE Developed Europe UCITS ETF
CWE.MI,Amundi Index Solutions - Amundi MSCI World Energy
EXS1.MI,iShares Core DAX UCITS ETF (DE)
EEUE.MI,BNP PARIBAS EASY MSCI EUROPE ESG FILTERED MIN TE
EPRE.MI,Amundi Index Solutions - Amundi FTSE EPRA Europe Real Estate
BLOK.MI,First Trust Indxx Innovative Transaction & Process UCITS ETF
COTN.MI,WisdomTree Cotton
V3PA.MI,Vanguard ESG Developed Asia Pacific All Cap UCITS ETF USD Accumulating
AIGE.MI,WisdomTree Energy
SALL.MI,WisdomTree Broad Commodities 1x Daily Short
IEWQ.MI,IVZ NASDAQ 100 Equal Weight UCI
FSMF.MI,Fidelity Sustainable Global Corporate Bond Paris-Aligned Multifactor UCITS ETF
FMET.MI,Fidelity Metaverse UCITS ETF
BBSC.MI,JPMorgan ETFs (Ireland) ICAV - BetaBuilders US Small Cap Equity UCITS ETF
AIGO.MI,WisdomTree Petroleum
SMARTU.MI,Lyxor Smart Overnight Return
UBBB.MI,Amundi Index Solutions - Amundi Global Corp SRI 1-5Y
AIGL.MI,WisdomTree Livestock
IITA.MI,iShares V PLC - iShares Italy Govt Bond UCITS ETF EUR (Dist)
WTID.MI,WisdomTree Bloomberg WTI Crude Oil ETF
LCWLD.MI,BNP PARIBAS EASY - Low Carbon 300 World PAB
LAGR.MI,WisdomTree Agriculture 2x Daily Leveraged
FSME.MI,Fidelity Sustainable Global Corporate Bond Paris-Aligned Multifactor UCITS ETF
UTIW.MI,Amundi S&P Global Utilities ESG UCITS ETF
TREL.MI,Invesco US Treasury Bond 10+ Year UCITS ETF
FUSA.MI,Fidelity US Quality Income ETF
GREAL.MI,BNP Paribas Easy FTSE EPRA Nareit Developed Europe ex UK Green CTB
AIPE.MI,AXA IM Euro Credit PAB UCITS ETF
ESOY.MI,WisdomTree Soybeans - EUR Daily Hedged
DRVE.MI,Global X Autonomous & Electric Vehicles UCITS ETF
COCO.MI,WisdomTree Cocoa
AIGG.MI,WisdomTree Grains
KGRN.MI,KraneShares MSCI China ClnTech
JUHE.MI,JPMorgan ETFs (Ireland) ICAV - US Research Enhanced Index Equity (ESG) UCITS ETF
USIC.MI,Lyxor Index Fund - Lyxor ESG USD Corporate Bond (DR) UCITS ETF
MTAV.MI,iShares Metaverse UCITS ETF
HYFA.MI,Invesco US High Yield Fallen Angels UCITS ETF
CP9.MI,Amundi IndEX Solutions - Amundi IndEX MSCI Pacific EX Japan SRI PAB Fund
VWCG.MI,Vanguard FTSE Developed Europe UCITS ETF
EKUS.MI,BNP Paribas Easy MSCI USA SRI S-Series PAB 5% Capped
WNER.MI,WisdomTree New Economy Real Estate UCITS ETF
FFGC.MI,Fidelity Glob Gov Bond Clima UC
SMRT.MI,Amundi Index Solutions - Amundi Index Equity Global Multi Smart Allocation Scientific Beta
ESGU.MI,Invesco MSCI USA ESG Universal Screened UCITS ETF
VFEA.MI,Vanguard FTSE Emerging Markets UCITS ETF
ETFEZ.MI,Amundi Index Solutions - Amundi Prime Eurozone
TRES.MI,Invesco US Treasury Bond UCITS ETF
JPE3.MI,WisdomTree Short JPY Long EUR 3x Daily
WRNW.MI,WisdomTree Renewable Energy UCITS ETF
DMAT.MI,Global X Disruptive Materials UCITS ETF
TPXH.MI,Amundi Index Solutions - Amundi Japan Topix
HSPA.MI,HSBC S&P 500 UCITS ETF
VDCA.MI,Vanguard USD Corporate 1-3 Year Bond UCITS ETF USD Accuimulation
ECRP.MI,Amundi Index Solutions - Amundi Index Euro Corporate SRI UCITS ETF DR
HBDV.MI,HSBC World ESG Biodiversity Screened Equity UCITS ETF
HCHA.MI,HSBC MSCI China UCITS ETF
LEAD.MI,WisdomTree Lead
VETY.MI,Vanguard EUR Eurozone Government Bond UCITS ETF
EMHD.MI,Invesco FTSE Emerging Markets High Dividend Low Volatility UCITS ETF
WENT.MI,WisdomTree Energy Transition Metals
EUAU.MI,WisdomTree Long AUD Short EUR
3LZN.MI,GraniteShares 3x Long Amazon Daily ETP
3LPO.MI,GraniteShares 3x Long Spotify Daily ETP
VIX1L.MI,SG ETN VIX FUTURE
EXSH.MI,iShares STOXX Europe Select Dividend 30 UCITS ETF (DE)
PSRW.MI,Invesco FTSE RAFI All World 3000 UCITS ETF
GOLD.MI,Amundi Physical Gold ETC
CSYU.MI,Credit Suisse Index Fund (IE) ETF ICAV - CSIF (IE) MSCI USA Tech 125 ESG Universal Blue UCITS ETF
AIGC.MI,WisdomTree Broad Commodities
3FNG.MI,GraniteShares 3x Long FAANG Daily ETC
5ESG.MI,Invesco S&P 500 ESG UCITS ETF
WTRE.MI,WisdomTree New Economy Real Estate UCITS ETF
TEMP.MI,JPMorgan ETFs (Ireland) ICAV - Climate Change Solutions UCITS ETF
UGAS.MI,WisdomTree Gasoline
CB3.MI,AMUNDI EURO GOVERNMENT TILTED GREEN BOND UCITS ETF Acc
NDQ3S.MI,SG ETN Daily Short -3X NASDAQ
VEUR.MI,Vanguard FTSE Developed Europe UCITS ETF
UQLTD.MI,UBS (Irl) ETF plc - Factor MSCI USA Quality ESG UCITS ETF
SRIUC.MI,BNPP Easy Crp Bd SRI ShtDr C U
V3RE.MI,Vanguard Funds PLC - Vanguard ESG EUR Corporate Bond UCITS ETF
3LAP.MI,GraniteShares 3x Long Apple Daily ETP
ALAT.MI,Amundi Index Solutions - Amundi MSCI Em Latin America
X1G.MI,Amundi Index Solutions - Amundi Govt Bond Lowest Rated Euro Investment Grade
EUES.MI,iShares € Ultrashort Bond ESG UCITS ETF
ACLU.MI,AXA IM ACT Climate Equity UCITS ETF
GAGH.MI,Amundi Index Solutions - Amundi Index Global AGG 500M
ETFGLO.MI,Amundi Index Solutions - Amundi Prime Global
LCOC.MI,WisdomTree Cocoa 2x Daily Leveraged
B500.MI,Amundi Index Solutions - Amundi S&P 500 Buyback
WSPX.MI,WisdomTree S&P 500
HAGG.MI,HSBC Bloomberg Glabal Sustainable Aggregate 1-3 Year Bond UCITS ETF
V3MA.MI,Vanguard ESG Emerging Markets All Cap UCITS ETF
WRCY.MI,WisdomTree Recycling Decarbonisation UCITS ETF
AIGI.MI,WisdomTree Industrial Metals
5ESE.MI,Invesco S&P 500 ESG UCITS ETF
FGHY.MI,Fidelity Sustainable Global High Yield Bond Paris-Aligned Multifactor UCITS ETF
IQSE.MI,Invesco Quantitative Strategies ESG Global Equity Multi-Factor UCITS ETF
3LNL.MI,GraniteShares 3x Long Enel Daily ETP
ETFGG.MI,Amundi Index Solutions - Amundi Prime Global Govies
UL3S.MI,WisdomTree US Treasuries 30Y 3x Daily Short
EUS5.MI,WisdomTree Long USD Short EUR 5x Daily
MINT.MI,PIMCO ETFs plc - US Dollar Short Maturity UCITS ETF
LABL.MI,L&G Global Brands UCITS ETF
IWQE.MI,iShares MSCI World Quality Factor ESG UCITS ETF
V3PL.MI,Vanguard ESG Developed Asia Pacific All Cap UCITS ETF
SWRD.MI,SPDR MSCI World UCITS ETF
3TYS.MI,WisdomTree US Treasuries 10Y 3x Daily Short
SWRE.MI,SPDR MSCI World UCITS ETF
3SGF.MI,GraniteShares 3x Short GAFAM Daily ETC
HSPD.MI,HSBC S&P 500 UCITS ETF
GFOF.MI,Grayscale Future of Finance UCITS ETF
WMTS.MI,iShares MSCI World Materials Sector ESG UCITS ETF
VFEM.MI,Vanguard FTSE Emerging Markets UCITS ETF
3DEL.MI,WisdomTree DAX 3x Daily Leveraged
3EML.MI,WisdomTree Emerging Markets 3x Daily Leveraged
LINXC.MI,Investlinx Capital Appreciation UCITS ETF
SILV.MI,Global X Silver Miners UCITS ETF
LBUL.MI,WisdomTree Gold 2x Daily Leveraged
WCLD.MI,WisdomTree Cloud Computing UCITS ETF
CM9.MI,Amundi ETF MSCI World ex EMU UCITS ETF
ETFGOV.MI,Amundi Index Solutions - Amundi Prime Euro Govies
VAGF.MI,Vanguard Global Aggregate Bond UCITS ETF
HMJD.MI,HSBC MSCI JAPAN UCITS ETF
VERE.MI,Vanguard FTSE Developed Europe ex UK UCITS ETF
NGA2L.MI,SG ETC Daily Long +2X Natural Gas Future
CN1.MI,Amundi Index Solutions - Amundi MSCI Nordic
ECH3.MI,WisdomTree Long CHF Short EUR 3x Daily
LWCE.MI,Amundi Index Solutions - Amundi MSCI Europe Climate Transition CTB
BRE2S.MI,SG ETC Daily Short -2X Brent Oil Future
3SAA.MI,GraniteShares 3x Short Alibaba Daily ETP
GBS.MI,Gold Bullion Securities
JREZ.MI,JPM Eurozone Research Enhanced Index Equity (ESG) UCITS ETF
JREU.MI,JPMorgan ETFs (Ireland) ICAV - US Research Enhanced Index Equity (ESG) UCITS ETF
EMSA.MI,iShares J.P. Morgan ESG $ EM Bond UCITS ETF
CI2.MI,Amundi Index Solutions - Amundi MSCI India
FAMAMW.MI,Fineco AM MSCI World Metals and Mining UCITS ETF
TSLQ.MI,Leverage Shares -3x Short Tesla ETP Securities
S3CO.MI,Leverage Shares -3x Short Coinbase (COIN) ETP Securities
PJS1.MI,PIMCO ETFs plc - Euro Short Maturity UCITS ETF
VHYL.MI,Vanguard FTSE All-World High Dividend Yield UCITS ETF
3ITL.MI,WisdomTree FTSE MIB 3x Daily Leveraged
AEEM.MI,Amundi Index Solutions - Amundi MSCI Emerging Markets
VNGA20.MI,Vanguard LifeStrategy 20% Equity UCITS ETF
COFF.MI,WisdomTree Coffee
PHPT.MI,WisdomTree Physical Platinum
ANX.MI,Amundi Index Solutions - Amundi Nasdaq-100
CMU.MI,Amundi Index Solutions-Amundi MSCI EMU ESG Leaders Select
STHE.MI,PIMCO ETFs plc - US Short-Term High Yield Corporate Bond Index UCITS ETF
3SUL.MI,WisdomTree Sugar 3x Daily Leveraged
3STS.MI,GraniteShares 3x Short Tesla Daily ETP
3USL.MI,WisdomTree S&P 500 3x Daily Leveraged
3BRL.MI,WisdomTree Brent Crude Oil 3x Daily Leveraged ETN
RS2K.MI,Amundi Index Solutions - Amundi Russell 2000
LWCR.MI,Amundi MSCI World Climate Transition CTB - UCITS ETF DR - EUR-C
2PAL.MI,WisdomTree Palladium 2x Daily Leveraged
NATO.MI,Future of Defence UCITS ETF
US10.MI,Amundi US Treasury Bond 10+Y UCITS ETF
VJPA.MI,Vanguard FTSE Japan UCITS ETF
XDEW.MI,Xtrackers S&P 500 Equal Weight UCITS ETF
REMX.MI,VanEck Rare Earth and Strategic Metals UCITS ETF
CARB.MI,WisdomTree Carbon
3HCL.MI,WisdomTree Copper 3x Daily Leveraged
SOLR.MI,Invesco Solar Energy UCITS ETF
VIXL.MI,S&P 500 VIX Short-term Futures Index (0930-1600 EST)
XYLE.MI,Global X S&P 500 Covered Call ETF
QYLD.MI,Global X NASDAQ 100 Covered Call UCITS ETF
JBEM.MI,BNP Paribas Easy JPM ESG EMU Government Bond IG
GGRA.MI,WisdomTree Global Quality Dividend Growth UCITS ETF
VOLT.MI,WisdomTree Battery Solutions UCITS ETF
5BTS.MI,WisdomTree BTP 10Y 5x Daily Short
VNGA60.MI,Vanguard LifeStrategy 60% Equity UCITS ETF
DXJF.MI,WisdomTree Japan Equity UCITS ETF
3EUL.MI,WisdomTree EURO STOXX 50 3x Daily Leveraged
3WHL.MI,WisdomTree Wheat 3x Daily Leveraged
5BUS.MI,WisdomTree Bund 10Y 5x Daily Short
NGAS.MI,WisdomTree Natural Gas
3SNL.MI,GraniteShares 3x Short Enel Daily ETP
NUCL.MI,VanEck Uranium and Nuclear Technologies UCITS ETF
MTVS.MI,L&G Metaverse ESG Exclusions UCITS ETF
CONV.MI,SPDR Refinitiv Global Convertible Bond UCITS ETF
3EMS.MI,WisdomTree Emerging Markets 3x Daily Short
FAMUSS.MI,FINECO AM MSCI USD HY SRI SustainableCorporate Bond UCITS ETF
3DES.MI,WisdomTree DAX 3x Daily Short
EXXY.MI,iShares Diversified Commodity Swap UCITS ETF (DE)
3BUL.MI,WisdomTree Bund 10Y 3x Daily Leveraged
NTSX.MI,WisdomTree US Efficient Core UCITS ETF
ENERW.MI,Amundi S&P Global Energy Carbon Reduced UCITS ETF
3SMI.MI,GraniteShares 3x Short MicroStrategy Daily ETP
LDCU.MI,PIMCO ETFs plc - US Low Duration Corporate Bond UCITS ETF
XCO2E.MI,Lyxor Global Green Bond 1-10Y (DR) UCITS ETF - Acc
EXSA.MI,iShares STOXX Europe 600 UCITS ETF (DE)
IEXF.MI,iShares € Corp Bond ex-Financials UCITS ETF
EUJP.MI,WisdomTree Long JPY Short EUR
S500H.MI,Amundi S&P 500 ESG UCITS ETF
3LTS.MI,GraniteShares 3x Long Tesla Daily ETP
3SAL.MI,GraniteShares 3x Short Alphabet Daily ETP
WCPA.MI,SPDR MSCI USA Climate Paris Aligned UCITS ETF
VDEA.MI,Vanguard USD Emerging Markets Government Bond UCITS ETF
SPY5.MI,SPDR S&P 500 UCITS ETF
E127.MI,Amundi MSCI Emerging Markets II UCITS ETF
U3O8.MI,HANetf ICAV - Sprott Uranium Miners UCITS ETF
VEMT.MI,Vanguard USD Emerging Markets Government Bond UCITS ETF
HYLD.MI,iShares Global High Yield Corp Bond UCITS ETF
IH2O.MI,iShares Global Water UCITS ETF
BUNDS5.MI,SG ETN DAILY SHORT -5X BUND FUTURE
FTNG.MI,GraniteShares FATANG ETC
HPRD.MI,HSBC FTSE EPRA NAREIT Developed UCITS ETF
SOIL.MI,WisdomTree WTI Crude Oil 1x Daily Short
3LCO.MI,GraniteShares 3x Long Coinbase Daily ETP
CORN.MI,WisdomTree Corn
HMWD.MI,HSBC MSCI World UCITS ETF
C300.MI,Invesco Markets plc - Invesco S&P China A 300 Swap UCITS ETF
VDTA.MI,Vanguard USD Treasury Bond UCITS ETF
FDHT.MI,Fidelity Digital Health UCITS ETF
EPRA.MI,Amundi Index Solutions - Amundi Index FTSE EPRA NAREIT Global
LCFE.MI,WisdomTree Coffee 2x Daily Leveraged
3OIS.MI,WisdomTree WTI Crude Oil 3x Daily Short ETN
3NVD.MI,Leverage Shares 3x NVIDIA ETC
DFEA.MI,WisdomTree Europe SmallCap Dividend UCITS ETF
IESE.MI,iShares MSCI Europe SRI UCITS ETF
BTC.MI,Mélanion BTC Equities Universe UCITS ETF
JAGA.MI,JPM Active Glb Agg Bond UCITS E
3LNV.MI,GraniteShares 3x Long NVIDIA Daily ETP
DHSF.MI,WisdomTree US Equity Income UCITS ETF
GRID.MI,First Trust Nasdaq Clean Edge Smart Grid Infrastructure UCITS ETF
3AMD.MI,Leverage Shares 3x AMD ETP
EJP3.MI,WisdomTree Long JPY Short EUR 3x Daily
FBT.MI,First Trust NYSE Arca Biotechnology UCITS ETF
EGEHE.MI,BNP Paribas Easy ECPI Global ESG Hydrogen Economy
LCOP.MI,WisdomTree Copper 2x Daily Leveraged
EPEJ.MI,BNP Paribas Easy MSCI Pacific ex Japan ESG Filtered Min TE
HSEU.MI,HSBC Europe Sustainable Equity UCITS ETF
FSKY.MI,First Trust Cloud Computing UCITS ETF
GCVE.MI,SPDR Refinitiv Global Convertible Bond UCITS ETF
FXC.MI,iShares China Large Cap UCITS ETF
HSEM.MI,HSBC Emerging Market Sustainable Equity UCITS ETF
EDSRI.MI,Amundi Index Solutions - Amundi MSCI Europe SRI PAB
GBHY.MI,Invesco Markets II plc - Invesco Global High Yield Corporate Bond ESG UCITS ETF
LNIK.MI,WisdomTree Nickel 2x Daily Leveraged
5TYS.MI,WisdomTree US Treasuries 10Y 5x Daily Short
3LPP.MI,GraniteShares 3x Long PayPal Daily ETP
FMI.MI,Amundi Index Solutions - Amundi ITALY MIB ESG
EMSRI.MI,Amundi Index Solutions - Amundi Index MSCI Emerging Markets SRI PAB
DHS.MI,WisdomTree US Equity Income UCITS ETF
AGGH.MI,iShares Core Global Aggregate Bond UCITS ETF
CCLN.MI,Global X China Clean Energy UCITS ETF
SPXE.MI,SPDR S&P 500 UCITS ETF
HMCH.MI,HSBC MSCI China UCITS ETF
QQQS.MI,WisdomTree NASDAQ 100 3x Daily Short
WATT.MI,WisdomTree Battery Metals
FAMMWS.MI,Fineco AM MSCI World Semiconductors and Semiconductor Equipment UCITS ETF
HSUD.MI,HSBC USA Sustainable Equity UCITS ETF
GAS2S.MI,SG ETC Daily Short -2X Natural Gas Future
BLTH.MI,iShares Blockchain Technology UCITS ETF
VEVE.MI,Vanguard FTSE Developed World UCITS ETF
EEA.MI,BNP Paribas Easy FTSE EPRA/NAREIT Eurozone Capped
PHAG.MI,WisdomTree Physical Silver
THMZ.MI,L&G Global Thematic ESG Exclusions UCITS ETF
VEGI.MI,VanEck Sustainable Future of Food UCITS ETF
CEU2.MI,Amundi Index Solutions - Amundi Index MSCI Europe
3BRS.MI,WisdomTree Brent Crude Oil 3x Daily Short
C3M.MI,Amundi ETF Govies 0-6 Months Euro Investment Grade UCITS ETF DR
3AAP.MI,Leverage Shares 3x Apple ETP Scs
TAEH.MI,Tabula Haitong Asia ex-Japan High Yield Corp USD Bond ESG UCITS ETF
BUG.MI,Global X Cybersecurity UCITS ETF
MWRD.MI,Amundi Index Solutions - Amundi Index MSCI World
EUHD.MI,Invesco EURO STOXX High Dividend Low Volatility UCITS ETF
500H.MI,Amundi Index Solutions - Amundi S&P 500 UCITS ETF
EXS3.MI,iShares MDAX UCITS ETF (DE)
WSRI.MI,Amundi Index Solutions - Amundi Index MSCI World SRI PAB
SSIL.MI,WisdomTree Silver 1x Daily Short
PEU.MI,Invesco EuroMTS Cash 3 Months UCITS ETF
BUYB.MI,Invesco Global Buyback Achievers UCITS ETF
ERNE.MI,iShares € Ultrashort Bond UCITS ETF
FAMSF3.MI,FINECO AM MSCI EUR IG SRI Sustainable ex Fossil Fuel (1-3Y) Corporate Bond UCITS ETF
FCLD.MI,Fidelity Cloud Computing UCITS ETF
UNCA.MI,First Trust US Equity Income UCITS ETF
ESGWO.MI,Amundi MSCI World ESG Leaders UCITS ETF
IB27.MI,iShares V PLC - iShares iBonds Dec 2027 Term € Corp UCITS ETF
USIH.MI,Lyxor Index Fund - Lyxor ESG USD Corporate Bond (DR) UCITS ETF
3HCS.MI,WisdomTree Copper 3x Daily Short
ECRP3.MI,Amundi Index Solutions - Amundi Index Euro Corporate Sri 0-3 Y
VUAA.MI,Vanguard S&P 500 UCITS ETF
LCOR.MI,WisdomTree Corn 2x Daily Leveraged
3SIS.MI,WisdomTree Silver 3x Daily Short
3CFL.MI,WisdomTree Coffee 3x Daily Leveraged
SMART.MI,Lyxor Smart Overnight Return
INFR.MI,iShares Global Infrastructure UCITS ETF
WDTE.MI,Invesco Markets II plc - Invesco S&P World Information Technology ESG UCITS ETF
AASI.MI,Amundi Index Solutions - Amundi MSCI Em Asia
IITB.MI,iShares V PLC - iShares Italy Govt Bond UCITS ETF EUR (Dist)
US10C.MI,Amundi US Treasury Bond 10+Y UCITS ETF
STPU.MI,MULTI-UNITS LUXEMBOURG - Lyxor US Curve Steepening 2-10 UCITS ETF
EMWE.MI,BNP Paribas Easy MSCI World SRI S-Series PAB 5% Capped
EENG.MI,BNP Paribas Easy ECPI Global ESG Infrastructure
CINA.MI,Lyxor MSCI China ESG Leaders Extra (DR) UCITS ETF
ESEH.MI,BNP Paribas Easy S&P 500 UCITS ETF
PCOM.MI,WisdomTree Broad Commodities UCITS ETF
ERTH.MI,Lyxor Euro Government Green Bond (DR) UCITS ETF
FAMTEL.MI,Fineco AM MSCI World Information Technology ESG Leaders 20% Capped UCITS ETF
VHVE.MI,Vanguard FTSE Developed World UCITS ETF
VHVE.MI,Vanguard FTSE Developed World UCITS ETF
HSGE.MI,HSBC Global Funds ICAV - Global Sustainable Government Bond UCITS ETF
UQLTE.MI,UBS (Irl) ETF plc - Factor MSCI USA Quality ESG UCITS ETF
C40.MI,Amundi Index Solutions - Amundi CAC 40 ESG
C73.MI,Amundi ETF Govt Bond Euro Broad Investment Grade 7-10 UCITS ETF DR
ETFUSC.MI,Amundi Index Solutions - Amundi Prime US Corporates
C50.MI,Amundi Index Solutions - Amundi EURO STOXX 50
COPA.MI,WisdomTree Copper
V3NA.MI,Vanguard ESG North America All Cap UCITS ETF
LBRT.MI,WisdomTree Brent Crude Oil 2x Daily Leveraged
NXTG.MI,First Trust Indxx NextG UCITS ETF
VUSA.MI,Vanguard S&P 500 UCITS ETF
VECP.MI,Vanguard EUR Corporate Bond UCITS ETF
GASRI.MI,Amundi Index Solutions - Amundi Global AGG SRI
DXJZ.MI,WisdomTree Japan Equity UCITS ETF
3MSF.MI,Leverage Shares 3x Microsoft ETC
3ITS.MI,WisdomTree FTSE MIB 3x Daily Short
3SSP.MI,GraniteShares 3x Short Intesa Sanpaolo Daily ETP
CG1.MI,Amundi ETF DAX UCITS ETF DR
3EUS.MI,WisdomTree EURO STOXX 50 3x Daily Short
V3EL.MI,Vanguard ESG Developed Europe All Cap UCITS ETF
IB26.MI,iShares iBonds Dec 2026 Term € Corp UCITS ETF
WCBR.MI,WisdomTree Cybersecurity UCITS ETF
NICK.MI,WisdomTree Nickel
VUTY.MI,Vanguard USD Treasury Bond UCITS ETF
3SZN.MI,GraniteShares 3x Short Amazon Daily ETP
3LMI.MI,GraniteShares 3x Long MicroStrategy Daily ETP
VWCE.MI,Vanguard FTSE All-World UCITS ETF
SRIJ.MI,BNP Paribas Easy MSCI Japan SRI S-Series PAB 5% Capped
ELEC.MI,Electric Vehicle Charging Infrastructure UCITS ETF
GLUX.MI,Amundi Index Solutions - Amundi S&P Global Luxury
FLES.MI,Franklin Euro Short Maturity UCITS ETF
ETFUSA.MI,Amundi Index Solutions - Amundi Prime USA
3SNV.MI,GraniteShares 3x Short NVIDIA Daily ETP
CC4.MI,Amundi Index Solutions - Amundi Index Euro Corporate SRI
3SFB.MI,GraniteShares 3x Short Facebook Daily ETP
TRE3.MI,Invesco US Treasury Bond 1-3 Year UCITS ETF
3BTS.MI,WisdomTree BTP 10Y 3x Daily Short
BRE3L.MI,SG ETC DAILY LONG +3X BRENT OIL FUTURE
3BTL.MI,WisdomTree BTP 10Y 3x Daily Leveraged
LAZR.MI,L&G Optical Technology & Photonics ESG Exclusions UCITS ETF
EBBB.MI,Amundi Index Solutions - Amundi Index Euro Corp Bond 1-5Y ESG UCITS
3SIL.MI,WisdomTree Silver 3x Daily Leveraged
SBRT.MI,WisdomTree Brent Crude Oil 1x Daily Short
OATL5.MI,SG ETN Daily Long +5X OAT Future
NGA3L.MI,SG ETC Daily Long +3X Natural Gas Future
SWDA.MI,iShares Core MSCI World UCITS ETF
VUKE.MI,Vanguard FTSE 100 UCITS ETF
VAPX.MI,Vanguard FTSE Developed Asia Pacific ex Japan UCITS ETF
ETFEU.MI,Amundi Index Solutions - Amundi Prime Europe
3SRA.MI,Leverage Shares -3x Short Ferra
IEAG.MI,iShares € Aggregate Bond ESG UCITS ETF EUR (Dist)
CU1.MI,Amundi ETF MSCI UK UCITS ETF
CMUSRI.MI,Amundi Index Solutions - Amundi Index MSCI EMU SRI PAB
VDST.MI,Vanguard U.S. Treasury 0-1 Year Bond UCITS ETF USD Accumulating
3CON.MI,Leverage Shares 3x Long Coinbase (COIN) ETP Securities
WCOE.MI,WisdomTree Enhanced Commodity UCITS ETF
EZNC.MI,WisdomTree Zinc - EUR Daily Hedged
LSIL.MI,WisdomTree Silver 2x Daily Leveraged
INDGW.MI,Amundi S&P Global Industrials ESG UCITS ETF
C500.MI,Invesco Markets plc - Invesco S&P China A MidCap 500 Swap UCITS ETF
3USS.MI,WisdomTree S&P 500 3x Daily Short
3LMS.MI,GraniteShares 3x Long Microsoft Daily ETP
FDRV.MI,Fidelity Electric Vehicles and Future Transportation UCITS ETF
GSCE.MI,BNP Paribas Easy Energy & Metals Enhanced Roll
NDXH.MI,Amundi Index Solutions - Amundi Nasdaq-100
SBUL.MI,WisdomTree Gold 1x Daily Short
EUHI.MI,PIMCO ETFs plc PIMCO Euro Short-Term High Yield Corporate Bond UCITS ETF
EGRI.MI,Amundi Index Solutions - Amundi Index Euro AGG SRI
FAMSFF.MI,FINECO AM MSCI EUR IG SRI Sustainable ex Fossil Fuel Corporate Bond UCITS ETF
XDWD.MI,Xtrackers MSCI World UCITS ETF
V3SU.MI,Vanguard Funds Plc - Vanguard Esg Usd Corporate Bond Ucits ETF
SNV3.MI,Leverage Shares -3x Short Nvidi
JEDI.MI,VanEck Space Innovators UCITS ETF
TRUD.MI,Invesco US Treasury Bond 10+ Year UCITS ETF
VCEU.MI,Amundi Index Solutions - Amundi MSCI Europe Value Factor
GOL3S.MI,SG ETC DAILY SHORT -3X GOLD FUTURE
NDQ3L.MI,SG ETN Daily Long +3X NASDAQ
USHYC.MI,Lyxor Index Fund - Lyxor ESG USD High Yield (DR) UCITS ETF
3GOO.MI,Leverage Shares 3x Alphabet ETP Scs
3PYP.MI,Leverage Shares 3x PayPal ETP Securities
ALUM.MI,WisdomTree Aluminium
3BAL.MI,WisdomTree EURO STOXX Banks 3x Daily Leveraged
MUSRI.MI,BNP Paribas Easy MSCI EMU SRI S-Series PAB 5% Capped
INRG.MI,iShares Global Clean Energy UCITS ETF
IB28.MI,iShares iBonds Dec 2028 Term € Corp UCITS ETF
EVOU.MI,BNP Paribas Easy ESG Equity Low Vol US
NGA3S.MI,SG ETC Daily Short -3X Natural Gas Future
VGEA.MI,Vanguard EUR Eurozone Government Bond UCITS ETF
WENE.MI,iShares MSCI World Energy Sector ESG UCITS ETF
USRI.MI,Amundi Etf Icav - Amundi Msci Usa Sri Climate Net Zero Ambition Pab Ucits ETF
JAGE.MI,JPM Active Global Aggregate Bond UCITS ETF
IB25.MI,iShares V PLC - iShares iBonds Dec 2025 Term € Corp UCITS ETF
LOIL.MI,WisdomTree WTI Crude Oil 2x Daily Leveraged
BTPL5.MI,SG ETN DAILY LONG 5X BTP FUTURE
3NGS.MI,WisdomTree Natural Gas 3x Daily Short
WTAI.MI,WisdomTree Artificial Intelligence UCITS ETF
REUSE.MI,BNP Paribas Easy ECPI Circular Economy Leaders
IVOA.MI,iShares iBonds Dec 2028 Term € Corp UCITS ETF
3NGL.MI,WisdomTree Natural Gas 3x Daily Leveraged
JAGA.MI,JPM Active Glb Agg Bond UCITS E
HSGE.MI,HSBC Global Funds ICAV - Global Sustainable Government Bond UCITS ETF
ETFCOR.MI,Amundi Index Solutions - Amundi Eur Corporate Bond
IVOA.MI,iShares iBonds Dec 2028 Term € Corp UCITS ETF
WTAI.MI,WisdomTree Artificial Intelligence UCITS ETF
FDHT.MI,Fidelity Digital Health UCITS ETF
HMCH.MI,HSBC MSCI China UCITS ETF
3OIS.MI,WisdomTree WTI Crude Oil 3x Daily Short ETN
SPY5.MI,SPDR S&P 500 UCITS ETF
EEA.MI,BNP Paribas Easy FTSE EPRA/NAREIT Eurozone Capped
2PAL.MI,WisdomTree Palladium 2x Daily Leveraged
VIXL.MI,S&P 500 VIX Short-term Futures Index (0930-1600 EST)
FINX.MI,Global X FinTech UCITS ETF
3BRS.MI,WisdomTree Brent Crude Oil 3x Daily Short
MWRD.MI,Amundi Index Solutions - Amundi Index MSCI World
NICK.MI,WisdomTree Nickel
LOIL.MI,WisdomTree WTI Crude Oil 2x Daily Leveraged
3NGS.MI,WisdomTree Natural Gas 3x Daily Short
3USL.MI,WisdomTree S&P 500 3x Daily Leveraged
DHS.MI,WisdomTree US Equity Income UCITS ETF
CCLN.MI,Global X China Clean Energy UCITS ETF
ATIP.MI,Amundi Index Solutions - Amundi Index US Gov Inflation-Linked Bond
E500.MI,Invesco S&P 500 UCITS ETF
SDJE50.MI,Invesco EURO STOXX 50 UCITS ETF
MXUS.MI,Invesco MSCI USA UCITS ETF
SPXD.MI,Invesco S&P 500 UCITS ETF
SPXS.MI,Invesco S&P 500 UCITS ETF
XDPU.MI,Xtrackers S&P 500 UCITS ETF
TRE7.MI,Invesco US Treasury Bond 3-7 Year UCITS ETF
XDPE.MI,Xtrackers S&P 500 UCITS ETF
IGLT.MI,iShares Core UK Gilts UCITS ETF GBP (Dist)
IBTS.MI,iShares $ Treasury Bond 1-3yr UCITS ETF
IUSA.MI,iShares Core S&P 500 UCITS ETF USD Dist
IBTM.MI,iShares $ Treasury Bond 7-10yr UCITS ETF USD (Dist)
PABUS.MI,Lyxor Net Zero 2050 S&P 500 Climate PAB (DR) UCITS ETF - Acc
XTIP.MI,Xtrackers II TIPS US Inflation-Linked Bond UCITS ETF
XT01.MI,Xtrackers US Treasuries Ultrashort Bond UCITS ETF
CSBGU3.MI,iShares VII PLC - iShares $ Treasury Bond 1-3yr UCITS ETF USD (Acc)
XMUS.MI,Xtrackers MSCI USA Swap UCITS ETF
US37.MI,Amundi US Treasury Bond 3-7Y UCITS ETF GBP Hedged Dist
JEST.MI,JPMorgan ETFs (Ireland) ICAV - EUR Ultra-Short Income UCITS ETF
SECA.MI,iShares € Govt Bond Climate UCITS ETF
SPHC.MI,Lyxor S&P 500 UCITS ETF
XDJP.MI,Xtrackers Nikkei 225 UCITS ETF
XESX.MI,Xtrackers Euro Stoxx 50 UCITS ETF
XDAX.MI,Xtrackers DAX UCITS ETF
SPXH.MI,Lyxor S&P 500 UCITS ETF
IBCI.MI,iShares € Inflation Linked Govt Bond UCITS ETF
LUSA.MI,Lyxor MSCI USA ESG Broad CTB (DR) UCITS ETF
GOVG.MI,Lyxor Core Glb Gov Bond UCITS ETF H EUR
XESC.MI,Xtrackers Euro Stoxx 50 UCITS ETF
SPX.MI,Lyxor S&P 500 UCITS ETF
FLXK.MI,Franklin FTSE Korea UCITS ETF
EXHE.MI,iShares Pfandbriefe UCITS ETF (DE)
INXG.MI,iShares £ Index-Linked Gilts UCITS ETF GBP (Dist)
LGEU.MI,L&G Europe ex UK Equity UCITS ETF
BBIL.MI,JPM BetaBuilders US Treasury Bond 0-1 yr UCITS ETF
JE13.MI,JPMorgan ETFs (Ireland) ICAV - BetaBuilders EUR Govt Bond 1-3 yr UCITS ETF
GOVY.MI,SPDR Bloomberg Euro Government Bond UCITS ETF Acc
EIB5.MI,Invesco Euro Government Bond 3-5 Year UCITS ETF
LGJP.MI,L&G Japan Equity UCITS ETF
EIB7.MI,Invesco Euro Government Bond 5-7 Year UCITS ETF
LEONIA.MI,Amundi EUR Overnight Return UCITS ETF
ITPS.MI,iShares $ TIPS UCITS ETF
LGGL.MI,L&G Global Equity UCITS ETF
EIBB.MI,Invesco Euro Government Bond UCITS ETF
TREX.MI,Invesco US Treasury Bond 7-10 Year UCITS ETF
LGAP.MI,L&G Asia Pacific ex Japan Equity UCITS ETF
CSSX5E.MI,iShares VII PLC - iShares Core EURO STOXX 50 UCITS ETF
XEON.MI,Xtrackers II EUR Overnight Rate Swap UCITS ETF
BBEG.MI,JPMorgan ETFs (Ireland) ICAV BetaBuilders EUR Govt Bond UCITS ETF
ITPD.MI,iShares $ TIPS UCITS ETF
TRXE.MI,Invesco US Treasury Bond 7-10 Year UCITS ETF
XUTE.MI,Xtrackers II US Treasuries UCITS ETF
CSBGU7.MI,iShares VII PLC - iShares VII PLC - iShares $ Treasury Bond 3-7yr UCITS ETF
PSFE.MI,Invesco Euro IG Corporate Bond ESG UCITS ETF
BBTR.MI,JPMorgan ETFs (Ireland) ICAV BetaBuilders US Treasury Bond UCITS ETF
XUTD.MI,Xtrackers II US Treasuries UCITS ETF
500X.MI,SPDR S&P 500 ESG Leaders UCITS ETF
EIBX.MI,Invesco Euro Government Bond 7-10 Year UCITS ETF
TREI.MI,Invesco US Treasury Bond 0-1 Year UCITS ETF
GOVA.MI,SPDR Bloomberg Euro Government Bond UCITS ETF Acc
EUE.MI,iShares EURO STOXX 50 UCITS ETF
EIB3.MI,Invesco Euro Government Bond 1-3 Year UCITS ETF
WGLD.MI,WisdomTree Physical Core Gold
XMVE.MI,Xtrackers MSCI EMU ESG Screened UCITS ETF 1D
IUCB.MI,SPDR Bloomberg 1-10 Year U.S. Corporate Bond UCITS ETF
ENMU.MI,iShares MSCI EMU ESG Enhanced UCITS ETF
5ESGE.MI,UBS (Irl) ETF plc - S&P 500 ESG UCITS ETF
XBLC.MI,Xtrackers II EUR Corporate Bond UCITS ETF
SGLD.MI,Invesco Physical Gold ETC
EMU.MI,Lyxor Core MSCI EMU (DR) UCITS ETF
XD9E.MI,Xtrackers MSCI USA UCITS ETF
XD9U.MI,Xtrackers MSCI USA UCITS ETF
XRSM.MI,Xtrackers MSCI USA ESG Screened UCITS ETF
XEZB.MI,Xtrackers II Eurozone Government Bond ESG Tilted UCITS ETF
RIUS.MI,L&G US ESG Exclusions Paris Aligned UCITS ETF
LUSC.MI,SPDR Bloomberg 10+ Year U.S. Corporate Bond UCITS ETF
PUIG.MI,Invesco USD Corporate Bond ESG UCITS ETF
600X.MI,SPDR STOXX Europe 600 SRI UCITS ETF
EMU.MI,Lyxor Core MSCI EMU (DR) UCITS ETF
SGLD.MI,Invesco Physical Gold ETC
XBLC.MI,Xtrackers II EUR Corporate Bond UCITS ETF
XD9U.MI,Xtrackers MSCI USA UCITS ETF
SEGA.MI,iShares Core € Govt Bond UCITS ETF
SPESG.MI,UBS (Irl) ETF plc - S&P 500 ESG UCITS ETF
XMEU.MI,Xtrackers MSCI Europe UCITS ETF
XUTC.MI,Xtrackers MSCI USA Information Technology UCITS ETF
CSSPX.MI,iShares VII PLC - iShares Core S&P 500 UCITS ETF
VDCE.MI,Vanguard USD Corporate Bond UCITS ETF
XRES.MI,Invesco Real Estate S&P US Select Sector UCITS ETF
XLCS.MI,Invesco Communications S&P US Select Sector UCITS ETF
XLKS.MI,Invesco Technology S&P US Select Sector UCITS ETF
XLVS.MI,Invesco Health Care S&P US Select Sector UCITS ETF
XLIS.MI,Invesco Industrials S&P US Select Sector UCITS ETF
VUCE.MI,Vanguard USD Corporate Bond UCITS ETF
CRPE.MI,Amundi EUR Corporate Bond Climate Net Zero Ambition PAB
XLES.MI,Invesco Energy S&P US Select Sector UCITS ETF
XLPS.MI,Invesco Consumer Staples S&P US Select Sector UCITS ETF
XLUS.MI,Invesco Utilities S&P US Select Sector UCITS ETF
XLYS.MI,Invesco Consumer Discretionary S&P US Select Sector UCITS ETF
VUCP.MI,Vanguard USD Corporate Bond UCITS ETF
XLFS.MI,Invesco Financials S&P US Select Sector UCITS ETF
XLBS.MI,Invesco Materials S&P US Select Sector UCITS ETF
TGBT.MI,VanEck iBoxx EUR Sovereign Diversified 1-10 UCITS ETF
FTS100.MI,MULTI-UNITS LUXEMBOURG - Lyxor FTSE 100 UCITS ETF
FLOE.MI,iShares $ Floating Rate Bond UCITS ETF
XJSE.MI,Xtrackers II Japan Government Bond UCITS ETF
HPAE.MI,HSBC ETFs PLC - HSBC MSCI Europe Climate Paris Aligned UCITS ETF
SXLK.MI,SPDR S&P U.S. Technology Select Sector UCITS ETF
X57E.MI,Xtrackers II Eurozone Government Bond 5-7 UCITS ETF
V3GE.MI,Vanguard Funds PLC - Vanguard ESG Global Corporate Bond UCITS ETF
SXLP.MI,SPDR S&P U.S. Consumer Staples Select Sector UCITS ETF
E50ESG.MI,UBS (Lux) Fund Solutions – EURO STOXX 50 ESG UCITS ETF
USCO.MI,SPDR Bloomberg SASB U.S. Corporate ESG UCITS ETF
TAT.MI,VanEck iBoxx EUR Sovereign Capped AAA-AA 1-5 UCITS ETF
EU35.MI,SPDR Bloomberg 3-5 Year Euro Government Bond UCITS ETF
TIPE.MI,Lyxor Core US TIPS (DR) UCITS ETF
CLEU.MI,Lyxor MSCI Europe ESG Climate Transition CTB (DR) UCITS ETF - Acc
FEDF.MI,Lyxor Fed Funds US Dollar Cash UCITS ETF
TRS3.MI,SPDR Bloomberg 1-3 Year U.S. Treasury Bond UCITS ETF
SXLU.MI,SPDR S&P U.S. Utilities Select Sector UCITS ETF
XBAE.MI,Xtrackers II ESG Global Aggregate Bond UCITS ETF
TIP1D.MI,UBS (Lux) Fund Solutions Bloomberg TIPS 1-10 UCITS ETF
X710.MI,Xtrackers II Eurozone Government Bond 7-10 UCITS ETF
E50EUA.MI,UBS (Lux) Fund Solutions – EURO STOXX 50 UCITS ETF
TCBT.MI,VanEck iBoxx EUR Corporates UCITS ETF
SXLC.MI,SPDR S&P U.S. Communication Services Select Sector UCITS ETF
GBSE.MI,WisdomTree Physical Gold - EUR Daily Hedged
SXLF.MI,SPDR S&P U.S. Financials Select Sector UCITS ETF
XY4P.MI,Xtrackers II iBoxx Eurozone Government Bond Yield Plus UCITS ETF
XZEB.MI,Xtrackers II ESG Eurozone Government Bond UCITS ETF
SXLY.MI,SPDR S&P U.S. Consumer Discretionary Select Sector UCITS ETF
TRSY.MI,SPDR Bloomberg U.S. Treasury Bond UCITS ETF
SXLB.MI,SPDR S&P U.S. Materials Select Sector UCITS ETF
GOVS.MI,SPDR Bloomberg 1-3 Year Euro Government Bond UCITS ETF
XNZE.MI,Xtrackers EMU Net Zero Pathway Paris Aligned UCITS ETF
X13E.MI,Xtrackers II Eurozone Government Bond 1-3 UCITS ETF
X15E.MI,Xtrackers II Eurozone Government Bond 15-30 UCITS ETF
XSTR.MI,Xtrackers II GBP Overnight Rate Swap UCITS ETF
XEIN.MI,Xtrackers II Eurozone Inflation-Linked Bond UCITS ETF
XBAG.MI,Xtrackers II ESG Global Aggregate Bond UCITS ETF
V3GF.MI,Vanguard Funds PLC - Vanguard ESG Global Corporate Bond UCITS ETF
MEUD.MI,Lyxor Index Fund - Lyxor Core STOXX Europe 600 (DR)
IU0E.MI,iShares $ Corp Bond 0-3yr ESG UCITS ETF
XYP1.MI,Xtrackers II iBoxx Eurozone Government Bond Yield Plus 1-3 UCITS ETF
EMUESG.MI,UBS (Irl) ETF plc MSCI EMU ESG Universal Low Carbon Select UCITS ETF
SXLI.MI,SPDR S&P U.S. Industrials Select Sector UCITS ETF
XFFE.MI,Xtrackers II USD Overnight Rate Swap UCITS ETF
LUTR.MI,SPDR Bloomberg 10+ Year U.S. Treasury Bond UCITS ETF
FLTR.MI,iShares $ Floating Rate Bond UCITS ETF
TIP1E.MI,UBS (Lux) Fund Solutions Bloomberg TIPS 1-10 UCITS ETF
EMXC.MI,Lyxor MSCI Emerging Markets Ex China UCITS ETF
TRSX.MI,SPDR Bloomberg 7-10 Year U.S. Treasury Bond UCITS ETF
USPA.MI,Franklin S&P 500 Paris Aligned Climate UCITS ETF
LGOV.MI,SPDR Bloomberg 10+ Year Euro Government Bond UCITS ETF
X25E.MI,Xtrackers II Eurozone Government Bond 25+ UCITS ETF
XBOT.MI,Xtrackers II Italy Government Bond 0-1 Swap UCITS ETF
SXLE.MI,SPDR S&P U.S. Energy Select Sector UCITS ETF
EUPA.MI,Franklin STOXX Europe 600 Paris Aligned Climate UCITS ETF
UESG.MI,Lyxor MSCI USA ESG Leaders Extra (DR) UCITS ETF
SXLV.MI,SPDR S&P U.S. Health Care Select Sector UCITS ETF
X35E.MI,Xtrackers II Eurozone Government Bond 3-5 UCITS ETF
TIPU.MI,Lyxor Core US TIPS (DR) UCITS ETF
DAXX.MI,MULTI-UNITS LUXEMBOURG - Lyxor DAX (DR) UCITS ETF
EEUR.MI,Invesco MSCI Europe ESG Universal Screened UCITS ETF
RIEU.MI,L&G Europe ESG Exclusions Paris Aligned UCITS ETF
XB4F.MI,Xtrackers II EUR Corporate Bond SRI PAB UCITS ETF
XZE5.MI,Xtrackers II EUR Corporate Bond Short Duration SRI PAB UCITS ETF
BTP13.MI,Lyxor Index Fund - Lyxor EuroMTS 1-3Y Italy BTP Government Bond (DR) UCITS ETF
AAA13.MI,Lyxor EuroMTS Highest Rated Macro-Weighted Govt Bond 1-3Y (DR) UCITS ETF
EMAAA.MI,MULTI-UNITS LUXEMBOURG - Lyxor EuroMTS Highest Rated Macro-Weighted Govt Bond (DR) UCITS ETF
EM57.MI,MULTI-UNITS LUXEMBOURG - Lyxor Euro Government Bond 5-7Y (DR) UCITS ETF
MTIG.MI,MULTI-UNITS LUXEMBOURG - Lyxor Euro Government Bond (DR) UCITS ETF
EMG.MI,MULTI-UNITS LUXEMBOURG - Lyxor Euro Government Bond (DR) UCITS ETF
EM15.MI,MULTI-UNITS LUXEMBOURG - Lyxor Euro Government Bond 15+Y (DR) UCITS ETF
AAA35.MI,Lyxor EuroMTS Highest Rated Macro-Weighted Govt Bond 3-5Y (DR) UCITS ETF
EM35.MI,MULTI-UNITS LUXEMBOURG - Lyxor Euro Government Bond 3-5Y (DR) UCITS ETF
BTP10.MI,Lyxor Index Fund - Lyxor EuroMTS 10Y Italy BTP Government Bond (DR) UCITS ETF
EM1015.MI,MULTI-UNITS LUXEMBOURG - Lyxor Euro Government Bond 10-15Y (DR) UCITS ETF
EM1015.MI,MULTI-UNITS LUXEMBOURG - Lyxor Euro Government Bond 10-15Y (DR) UCITS ETF
EM13.MI,MULTI-UNITS LUXEMBOURG - Lyxor Euro Government Bond 1-3Y (DR) UCITS ETF
EMUAA.MI,UBS (Lux) Fund Solutions – MSCI EMU UCITS ETF
EMUEUA.MI,UBS (Lux) Fund Solutions – MSCI EMU UCITS ETF
OG35.MI,Ossiam Euro Government Bonds 3-5Y Carbon Reduction
GEB.MI,UBS (Lux) Fund Solutions – J.P. Morgan EMU Government ESG Liquid Bond UCITS ETF
UT1EUA.MI,UBS (Lux) Fund Solutions – Bloomberg US 1-3 Year Treasury Bond UCITS ETF
SUSE.MI,iShares € Corp Bond 0-3yr ESG UCITS ETF
XD5E.MI,Xtrackers MSCI EMU UCITS ETF
EUAG.MI,SPDR Bloomberg Euro Aggregate Bond UCITS ETF
TIPS.MI,SPDR Bloomberg U.S. TIPS UCITS ETF
SS1EUA.MI,UBS (Lux) Fund Solutions – Bloomberg EUR Treasury 1-10 UCITS ETF
IE3E.MI,iShares € Corp Bond 0-3yr ESG UCITS ETF
JPEH.MI,SPDR MSCI Japan UCITS ETF
STKX.MI,SPDR MSCI Europe Technology UCITS ETF
CBUS.MI,UBS (Lux) Fund Solutions – Bloomberg US Liquid Corporates UCITS ETF
JPSA.MI,JPMorgan ETFs (Ireland) ICAV - USD Ultra-Short Income UCITS ETF
CBEU5.MI,UBS (Lux) Fund Solutions – Bloomberg Euro Area Liquid Corporates 1-5 Year UCITS ETF
PABEU.MI,Lyxor Net Zero 2050 S&P Europe Climate PAB (DR) UCITS ETF - Acc
EURPA.MI,UBS (Irl) ETF plc - MSCI Europe Climate Paris Aligned UCITS ETF
XMME.MI,Xtrackers MSCI Emerging Markets UCITS ETF
XDEX.MI,Xtrackers MSCI Emerging Markets ESG Screened UCITS ETF
CBUS5E.MI,UBS (Lux) Fund Solutions – Bloomberg US Liquid Corporates 1-5 Year UCITS ETF
STQX.MI,SPDR MSCI Europe Industrials UCITS ETF
XGEZ.MI,Xtrackers II Eurozone Government Green Bond UCITS ETF
HSJD.MI,HSBC Japan Sustainable Equity UCITS ETF
STUX.MI,SPDR MSCI Europe Utilities UCITS ETF
EURO.MI,SPDR MSCI EMU UCITS ETF
CBUS5.MI,UBS (Lux) Fund Solutions – Bloomberg US Liquid Corporates 1-5 Year UCITS ETF
WDESGE.MI,Credit Suisse Index Fund (IE) ETF ICAV - CSIF (IE) MSCI World ESG Leaders Blue UCITS ETF
STZX.MI,SPDR MSCI Europe Financials UCITS ETF
STNX.MI,SPDR MSCI Europe Energy UCITS ETF
EMEG.MI,iShares MSCI EM ESG Enhanced UCITS ETF
STWX.MI,SPDR MSCI Europe Health Care UCITS ETF
STPX.MI,SPDR MSCI Europe Materials UCITS ETF
SEMA.MI,iShares MSCI EM UCITS ETF USD (Acc)
EIMI.MI,iShares Core MSCI EM IMI UCITS ETF
IEEM.MI,iShares MSCI EM UCITS ETF USD (Dist)
STRX.MI,SPDR MSCI Europe Consumer Discretionary UCITS ETF
JPST.MI,JPMorgan ETFs (Ireland) ICAV - USD Ultra-Short Income UCITS ETF
STTX.MI,SPDR MSCI Europe Communication Services UCITS ETF
CBUSE.MI,UBS (Lux) Fund Solutions – Bloomberg US Liquid Corporates UCITS ETF
XGDU.MI,Xtrackers IE Physical Gold ETC
HSWD.MI,HSBC Developed World Sustainable Equity UCITS ETF
STSX.MI,SPDR MSCI Europe Consumer Staples UCITS ETF
SDJ600.MI,Invesco STOXX Europe 600 UCITS ETF
FLXB.MI,Franklin FTSE Brazil UCITS ETF
XDWY.MI,Xtrackers MSCI World ESG Screened UCITS ETF
USAUSW.MI,UBS (Irl) ETF plc - MSCI USA UCITS ETF
JPNEUA.MI,UBS (Lux) Fund Solutions – MSCI Japan UCITS ETF
JPNA.MI,UBS (Lux) Fund Solutions – MSCI Japan UCITS ETF
SMSEUR.MI,Invesco MSCI Europe UCITS ETF
USEUWH.MI,UBS (Irl) ETF plc - MSCI USA hedged to EUR UCITS ETF
SMSJPN.MI,Invesco MSCI Japan UCITS ETF
SGLE.MI,Invesco Physical Markets plc - Invesco Physical Gold ETC (EUR Hdg)
XNZW.MI,Xtrackers World Net Zero Pathway Paris Aligned UCITS ETF
GSLC.MI,Goldman Sachs ActiveBeta US Large Cap Equity UCITS ETF
JR15.MI,JPMorgan ETFs (Ireland) ICAV - EUR Corporate Bond 1-5 yr Research Enhanced Index (ESG) UCITS ETF
MXFS.MI,Invesco MSCI Emerging Markets UCITS ETF
N400.MI,Invesco JPX-Nikkei 400 UCITS ETF
XWEH.MI,Xtrackers MSCI World Swap UCITS ETF
FLXI.MI,Franklin FTSE India UCITS ETF
JPNE.MI,UBS (Lux) Fund Solutions – MSCI Japan UCITS ETF
SMSWLD.MI,Invesco MSCI World UCITS ETF
FLXC.MI,Franklin FTSE China UCITS ETF
XMWO.MI,Xtrackers MSCI World Swap UCITS ETF
JPGL.MI,JPM Global Equity Multi-Factor UCITS ETF
ESGW.MI,Invesco MSCI World ESG Universal Screened UCITS ETF
SPEQ.MI,Invesco Markets II plc - Invesco S&P 500 Equal Weight UCITS ETF
GENDEE.MI,UBS (Irl) ETF plc - Global Gender Equality UCITS ETF
INFL1.MI,UBS (Lux) Fund Solutions – Bloomberg Euro Inflation Linked 1-10 UCITS ETF
TEET.MI,VanEck Sustainable European Equal Weight UCITS ETF
U15S.MI,UBS (Lux) Fund Solutions - Bloomberg MSCI US Liquid Corporates 1-5 Year Sustainable UCITS ETF
INFL10.MI,UBS (Lux) Fund Solutions – Bloomberg Euro Inflation Linked 10+ UCITS ETF
XZME.MI,Xtrackers MSCI USA ESG UCITS ETF
ICOV.MI,iShares € Covered Bond UCITS ETF
XSPX.MI,Xtrackers S&P 500 Swap UCITS ETF
XMK9.MI,Xtrackers MSCI Japan UCITS ETF
ESGE.MI,MULTI-UNITS LUXEMBOURG - Lyxor MSCI Europe ESG Leaders (DR) UCITS ETF
GGB.MI,UBS (Lux) Fund Solutions - Global Green Bond ESG 1-10 UCITS ETF
XGII.MI,Xtrackers II Global Inflation-Linked Bond UCITS ETF
EMI.MI,Lyxor Core Euro Government Inflation-Linked Bond (DR) UCITS ETF
CBSUS.MI,UBS (Lux) Fund Solutions – Bloomberg MSCI US Liquid Corporates Sustainable UCITS ETF
CBSUSA.MI,UBS (Lux) Fund Solutions – Bloomberg MSCI US Liquid Corporates Sustainable UCITS ETF
XSXD.MI,Xtrackers S&P 500 Swap UCITS ETF
SPEL.MI,UBS (Irl) ETF plc - S&P 500 ESG ELITE UCITS ETF
GISE.MI,Lyxor Core Global Inflation-Linked 1-10Y Bond (DR) UCITS ETF
JT13.MI,UBS ETF - Bloomberg Barclays Japan Treasury 1-3 Year Bond UCITS ETF
IBGX.MI,iShares € Govt Bond 3-5yr UCITS ETF
BUND2S.MI,Amundi German Bund Daily (-2x) Inverse UCITS ETF
CSEMAS.MI,iShares VII PLC - iShares MSCI EM Asia UCITS ETF USD (Acc)
E15S.MI,UBS (Lux) Fund Solutions – Bloomberg MSCI Euro Area Liquid Corporates 1-5 Year Sustainable UCITS ETF
SAWD.MI,iShares MSCI World ESG Screened UCITS ETF
U15E.MI,UBS (Lux) Fund Solutions - Bloomberg MSCI US Liquid Corporates 1-5 Year Sustainable UCITS ETF
CGB.MI,Xtrackers II Harvest China Government Bond UCITS ETF
XUHY.MI,Xtrackers USD High Yield Corporate Bond UCITS ETF
EJPY.MI,iShares MSCI Japan ESG Enhanced UCITS ETF
XMJP.MI,Xtrackers MSCI Japan UCITS ETF
BUND1S.MI,Lyxor Bund Future Daily (-1x) Inverse UCITS ETF
JT13E.MI,UBS ETF - Bloomberg Barclays Japan Treasury 1-3 Year Bond UCITS ETF
GISE.MI,Lyxor Core Global Inflation-Linked 1-10Y Bond (DR) UCITS ETF
U15E.MI,UBS (Lux) Fund Solutions - Bloomberg MSCI US Liquid Corporates 1-5 Year Sustainable UCITS ETF
CBSUSA.MI,UBS (Lux) Fund Solutions – Bloomberg MSCI US Liquid Corporates Sustainable UCITS ETF
CBEF.MI,Lyxor ESG Euro Corporate Bond Ex Financials (DR) UCITS ETF
PABEZ.MI,Lyxor Net Zero 2050 S&P Eurozone Climate PAB (DR) UCITS ETF-Acc
EMI.MI,Lyxor Core Euro Government Inflation-Linked Bond (DR) UCITS ETF
GENDED.MI,UBS (Irl) ETF plc - Global Gender Equality UCITS ETF
XGIU.MI,Xtrackers II Global Inflation-Linked Bond UCITS ETF
XZEZ.MI,Xtrackers MSCI EMU ESG UCITS ETF
JT13.MI,UBS ETF - Bloomberg Barclays Japan Treasury 1-3 Year Bond UCITS ETF
EGO.MI,UBS (Lux) Fund Solutions – J.P. Morgan Global Government ESG Liquid Bond UCITS ETF
XGIN.MI,Xtrackers II Global Inflation-Linked Bond UCITS ETF
CLWD.MI,Lyxor Msci World Climate Change (Dr) Ucits ETF
CSBGE7.MI,iShares VII PLC - iShares € Govt Bond 3-7yr UCITS ETF EUR (Acc)
XZEU.MI,Xtrackers MSCI Europe ESG UCITS ETF
XHYG.MI,Xtrackers II EUR High Yield Corporate Bond UCITS ETF
IEAC.MI,iShares Core € Corp Bond UCITS ETF
SMEA.MI,iShares Core MSCI Europe UCITS ETF EUR (Dist)
SE15.MI,iShares € Corp Bond 1-5yr UCITS ETF EUR (Dist)
ISF.MI,iShares Core FTSE 100 UCITS ETF
XGLE.MI,Xtrackers II Eurozone Government Bond UCITS ETF
US7.MI,Amundi US Treasury Bond 7-10Y UCITS ETF GBP Hedged Dist
IBGL.MI,iShares € Govt Bond 15-30yr UCITS ETF
EGE.MI,UBS (Lux) Fund Solutions – J.P. Morgan Global Government ESG Liquid Bond UCITS ETF
MSE.MI,Amundi EURO STOXX 50 II UCITS ETF
XZMU.MI,Xtrackers MSCI USA ESG UCITS ETF
DSUS.MI,Amundi US Treasury 10Y Daily (-2x) Inverse UCITS ETF
IBGZ.MI,iShares € Govt Bond 10-15yr UCITS ETF EUR (Dist)
TSWE.MI,VanEck Sustainable World Equal Weight UCITS ETF
GIST.MI,Lyxor Core Global Inflation-Linked 1-10Y Bond (DR) UCITS ETF
CSBGE3.MI,iShares VII PLC - iShares € Govt Bond 1-3yr UCITS ETF EUR (Acc)
CSPXJ.MI,iShares VII PLC - iShares Core MSCI Pacific ex-Japan UCITS ETF
SUSC.MI,SPDR Bloomberg 0-3 Year U.S. Corporate Bond UCITS ETF
IBGM.MI,iShares € Govt Bond 7-10yr UCITS ETF
ESGH.MI,MULTI-UNITS LUXEMBOURG - Lyxor MSCI Europe ESG Leaders (DR) UCITS ETF
XNAS.MI,Xtrackers NASDAQ 100 UCITS ETF
IBCX.MI,iShares € Corp Bond Large Cap UCITS ETF
IBGY.MI,iShares € Govt Bond 5-7yr UCITS ETF
IMEU.MI,iShares Core MSCI Europe UCITS ETF EUR (Dist)
EUCO.MI,SPDR Bloomberg Euro Corporate Bond UCITS ETF
SEUC.MI,SPDR Bloomberg 0-3 Year Euro Corporate Bond UCITS ETF
IUSE.MI,iShares V PLC - iShares S&P 500 EUR Hedged UCITS ETF (Acc)
EMGEAS.MI,UBS (Irl) Fund Solutions plc - MSCI Emerging Markets SF UCITS ETF
XZBU.MI,Xtrackers USD Corporate Bond SRI PAB UCITS ETF
JPE.MI,UBS (Irl) ETF plc MSCI Japan Climate Paris Aligned UCITS ETF
XYLD.MI,Xtrackers USD Corporate Bond Short Duration SRI PAB UCITS ETF
XDGU.MI,Xtrackers USD Corporate Bond UCITS ETF
XDGE.MI,Xtrackers USD Corporate Bond UCITS ETF
ACWIE.MI,UBS (Irl) Fund Solutions plc - MSCI ACWI SF UCITS ETF
ACWIA.MI,UBS (Irl) Fund Solutions plc - MSCI ACWI SF UCITS ETF
XEWE.MI,Xtrackers S&P 500 Equal Weight ESG UCITS ETF
XZEW.MI,Xtrackers S&P 500 Equal Weight ESG UCITS ETF
ASREUA.MI,UBS (Lux) Fund Solutions – MSCI USA Socially Responsible UCITS ETF
IBGS.MI,iShares € Govt Bond 1-3yr UCITS ETF
JPSR.MI,UBS (Lux) Fund Solutions – MSCI Japan Socially Responsible UCITS ETF
JPSRE.MI,UBS (Lux) Fund Solutions – MSCI Japan Socially Responsible UCITS ETF
WSRUS.MI,UBS (Lux) Fund Solutions – MSCI World Socially Responsible UCITS ETF
WSREUA.MI,UBS (Lux) Fund Solutions – MSCI World Socially Responsible UCITS ETF
LCJP.MI,Amundi MSCI Japan (DR) UCITS ETF
IEGE.MI,iShares € Govt Bond 0-1yr UCITS ETF
SP5EUY.MI,UBS (Irl) ETF plc - S&P 500 UCITS ETF
USSRF.MI,UBS (Lux) Fund Solutions – MSCI USA Socially Responsible UCITS ETF
EMMEUA.MI,UBS (Lux) Fund Solutions – MSCI Emerging Markets UCITS ETF
EMMUSC.MI,UBS (Lux) Fund Solutions – MSCI Emerging Markets UCITS ETF
EMPAB.MI,UBS (Irl) ETF plc MSCI Emerging Markets Climate Paris Aligned UCITS ETF
3SUR.MI,iShares MSCI USA SRI UCITS ETF
MDBA.MI,UBS (Lux) Fund Solutions – Sustainable Development Bank Bonds UCITS ETF
EURSRI.MI,UBS (Lux) Fund Solutions – MSCI Europe Socially Responsible UCITS ETF
EUESRI.MI,UBS (Lux) Fund Solutions – MSCI Europe Socially Responsible UCITS ETF
SUAS.MI,iShares MSCI USA SRI UCITS ETF
SUSW.MI,iShares MSCI World SRI UCITS ETF
MDBE.MI,UBS (Lux) Fund Solutions – Sustainable Development Bank Bonds UCITS ETF
AJEUAS.MI,UBS (Irl) Fund Solutions plc - MSCI AC Asia Ex Japan SF UCITS ETF
V3AL.MI,Vanguard ESG Global All Cap UCITS ETF
XTC5.MI,Xtrackers II iTraxx Crossover Short Daily Swap UCITS ETF
CMOE.MI,Invesco Bloomberg Commodity UCITS ETF
V3AA.MI,Vanguard ESG Global All Cap UCITS ETF
CMOD.MI,Invesco Bloomberg Commodity UCITS ETF
XDEV.MI,Xtrackers MSCI World Value UCITS ETF
XAD5.MI,Xtrackers Physical Gold ETC (EUR)
EROX.MI,SPDR MSCI Europe UCITS ETF
XWTS.MI,Xtrackers MSCI World Communication Services UCITS ETF
MVEU.MI,iShares Edge MSCI Europe Minimum Volatility UCITS ETF
TRET.MI,VanEck Global Real Estate UCITS ETF
XDWS.MI,Xtrackers MSCI World Consumer Staples UCITS ETF
GHYE.MI,Lyxor Index Fund - Lyxor Global High Yield Sustainable Exposure UCITS ETF
XDW0.MI,Xtrackers MSCI World Energy UCITS ETF
XDWF.MI,Xtrackers MSCI World Financials UCITS ETF
XDEQ.MI,Xtrackers MSCI World Quality UCITS ETF
JREE.MI,JPMorgan ETFs (Ireland) ICAV - Europe Research Enhanced Index Equity (ESG) UCITS ETF
IEBB.MI,iShares € Corp Bond BBB-BB UCITS ETF EUR (Dist)
XZWE.MI,Xtrackers MSCI World ESG UCITS ETF
INFL.MI,Lyxor EUR 2-10Y Inflation Expectations UCITS ETF
TIP10E.MI,UBS (Lux) Fund Solutions Bloomberg TIPS 10+ UCITS ETF
UST10F.MI,UBS (Lux) Fund Solutions – Bloomberg US 10+ Year Treasury Bond UCITS ETF
WITS.MI,iShares MSCI World Information Technology Sector ESG UCITS ETF
GHYEH.MI,Lyxor Index Fund - Lyxor Global High Yield Sustainable Exposure UCITS ETF
IRCP.MI,iShares V PLC - iShares € Corp Bond Interest Rate Hedged ESG UCITS ETF
COOL.MI,Tabula EUR IG Bond Paris-aligned Climate UCITS ETF (EUR)
HY.MI,Lyxor Index Fund - Lyxor ESG Euro High Yield (DR) UCITS ETF
USFMD.MI,UBS (Irl) ETF plc - MSCI USA Select Factor Mix UCITS ETF
PEMD.MI,Invesco Emerging Markets USD Bond UCITS ETF
JREG.MI,JPMorgan ETFs (Ireland) ICAV - Global Research Enhanced Index Equity (ESG) UCITS ETF
EHYA.MI,iShares € High Yield Corp Bond ESG UCITS ETF
XDWT.MI,Xtrackers MSCI World Information Technology UCITS ETF
IEQU.MI,iShares Edge MSCI Europe Quality Factor UCITS ETF
SUSM.MI,iShares MSCI EM SRI UCITS ETF
XDWM.MI,Xtrackers MSCI World Materials UCITS ETF
USMUFE.MI,UBS (Irl) ETF plc - MSCI USA Select Factor Mix UCITS ETF
MEU.MI,Amundi MSCI Europe II UCITS ETF
XUEM.MI,Xtrackers II USD Emerging Markets Bond UCITS ETF
XGSH.MI,Xtrackers II Global Government Bond UCITS ETF
JRGE.MI,JPMorgan ETFs (Ireland) ICAV - Global Research Enhanced Index Equity (ESG) UCITS ETF
XGVD.MI,Xtrackers II Global Government Bond UCITS ETF
XZW0.MI,Xtrackers MSCI World ESG UCITS ETF
XHY1.MI,Xtrackers II EUR High Yield Corporate Bond 1-3 Swap UCITS ETF
FLXU.MI,Franklin U.S. Equity UCITS ETF
TRET.MI,VanEck Global Real Estate UCITS ETF
XDW0.MI,Xtrackers MSCI World Energy UCITS ETF
XDWF.MI,Xtrackers MSCI World Financials UCITS ETF
XDEQ.MI,Xtrackers MSCI World Quality UCITS ETF
INFL.MI,Lyxor EUR 2-10Y Inflation Expectations UCITS ETF
TIP10E.MI,UBS (Lux) Fund Solutions Bloomberg TIPS 10+ UCITS ETF
UST10F.MI,UBS (Lux) Fund Solutions – Bloomberg US 10+ Year Treasury Bond UCITS ETF
WITS.MI,iShares MSCI World Information Technology Sector ESG UCITS ETF
LQDE.MI,iShares $ Corp Bond UCITS ETF
XCS2.MI,Xtrackers II Australia Government Bond UCITS ETF
CORP.MI,iShares Global Corp Bond UCITS ETF USD (Dist)
CBSEU.MI,UBS (Lux) Fund Solutions – Bloomberg MSCI Euro Area Liquid Corporates Sustainable UCITS ETF
EMVEUA.MI,UBS (Lux) Fund Solutions – MSCI EMU Value UCITS ETF
USSRI.MI,UBS (Irl) ETF plc - MSCI USA Socially Responsible UCITS ETF
EROX.MI,SPDR MSCI Europe UCITS ETF
XDWI.MI,Xtrackers MSCI World Industrials UCITS ETF
FLXD.MI,Franklin European Quality Dividend UCITS ETF
XDNY.MI,Xtrackers MSCI Japan ESG Screened UCITS ETF
USSMC.MI,Credit Suisse Index Fund (IE) ETF ICAV - CSIF (IE) MSCI USA Small Cap ESG Leaders Blue UCITS ETF
HYC.MI,Lyxor Index Fund - Lyxor ESG Euro High Yield (DR) UCITS ETF
IEVL.MI,iShares Edge MSCI Europe Value Factor UCITS ETF
CLEM.MI,Lyxor MSCI EM ESG Climate Transition CTB UCITS ETF - Acc
GREIT.MI,Credit Suisse Index Fund (IE) ETF ICAV - CSIF (IE) FTSE EPRA Nareit Developed Green Blue UCITS ETF
XEML.MI,Xtrackers II J.P. Morgan EM Local Government Bond UCITS ETF
EQQJ.MI,Invesco NASDAQ Next Generation 100 UCITS ETF
XDEM.MI,Xtrackers MSCI World Momentum UCITS ETF
XDWH.MI,Xtrackers MSCI World Health Care UCITS ETF
TIP10D.MI,UBS (Lux) Fund Solutions Bloomberg TIPS 10+ UCITS ETF
XDEP.MI,Xtrackers iBoxx EUR Corporate Bond Yield Plus UCITS ETF
XEMB.MI,Xtrackers II USD Emerging Markets Bond UCITS ETF
XDEB.MI,Xtrackers MSCI World Minimum Volatility UCITS ETF
XDWC.MI,Xtrackers MSCI World Consumer Discretionary UCITS ETF
MVUS.MI,iShares Edge S&P 500 Minimum Volatility UCITS ETF
IEMO.MI,iShares Edge MSCI Europe Momentum Factor UCITS ETF
XPXJ.MI,Xtrackers MSCI Pacific ex Japan ESG Screened UCITS ETF
WSRIA.MI,UBS (Irl) ETF plc - MSCI World Socially Responsible UCITS ETF
EMUSRI.MI,UBS (Lux) Fund Solutions – MSCI EMU Socially Responsible UCITS ETF
ESREUA.MI,UBS (Lux) Fund Solutions – MSCI EMU Socially Responsible UCITS ETF
MSRUSA.MI,UBS (Lux) Fund Solutions – MSCI Emerging Markets Socially Responsible UCITS ETF
MSRUSB.MI,UBS (Lux) Fund Solutions – MSCI Emerging Markets Socially Responsible UCITS ETF
WSRIE.MI,UBS (Irl) ETF plc - MSCI World Socially Responsible UCITS ETF
ELOVD.MI,UBS (Lux) Fund Solutions – Factor MSCI EMU Low Volatility UCITS ETF
WSCE.MI,UBS (Irl) ETF plc - UBS (Irl) ETF plc MSCI World Small Cap Socially Responsible UCITS ETF
EPVLD.MI,UBS (Lux) Fund Solutions – Factor MSCI EMU Prime Value ESG UCITS ETF
MUNI.MI,Invesco US Municipal Bond UCITS ETF
VDTM.MI,VanEck Multi-Asset Conservative Allocation UCITS ETF
WSC.MI,UBS (Irl) ETF plc - UBS (Irl) ETF plc MSCI World Small Cap Socially Responsible UCITS ETF
XCS7.MI,Xtrackers MSCI China UCITS ETF
XCS6.MI,Xtrackers MSCI China UCITS ETF
TINE.MI,Tabula Us Enhanced Inflation UCITS ETF
XCNA.MI,Xtrackers MSCI China A ESG Screened Swap UCITS ETF
LCCN.MI,Lyxor MSCI China UCITS ETF
ENRG.MI,Amundi STOXX Europe 600 Energy ESG Screened
JREM.MI,JPMorgan ETFs (Ireland) ICAV - Global Emerging Markets Research Enhanced Index Equity(ESG) UCITS ETF
ELOW.MI,SPDR EURO STOXX Low Volatility UCITS ETF
FOO.MI,Lyxor Index Fund - Lyxor Stoxx Europe 600 Food & Beverage UCITS ETF
WNRG.MI,SPDR MSCI World Energy UCITS ETF
IWSZ.MI,iShares Edge MSCI World Size Factor UCITS ETF
FEQD.MI,Fidelity Europe Quality Income UCITS ETF
IQEG.MI,IndexIQ Factors Sustainable Sovereign Euro Bond
EUREUA.MI,UBS (Lux) Fund Solutions – MSCI Europe UCITS ETF
MVOL.MI,iShares Edge MSCI World Minimum Volatility UCITS ETF
ULOVD.MI,UBS (Irl) ETF plc - Factor MSCI USA Low Volatility UCITS ETF
XD3E.MI,Xtrackers Euro Stoxx Quality Dividend UCITS ETF
PABWD.MI,Lyxor Net Zero 2050 S&P Europe Climate PAB (DR) UCITS ETF - Acc
INS.MI,Lyxor Index Fund - Lyxor STOXX Europe 600 Insurance UCITS ETF
VNTM.MI,VanEck Multi-Asset Balanced Allocation UCITS ETF
SPY4.MI,SPDR S&P 400 US Mid Cap UCITS ETF
XZHY.MI,Xtrackers ESG USD High Yield Corporate Bond UCITS ETF
XRS2.MI,Xtrackers Russell 2000 UCITS ETF
UKE.MI,UBS (Lux) Fund Solutions – MSCI United Kingdom UCITS ETF
HYS.MI,Lyxor Index Fund - Lyxor BofAML € Short Term High Yield Bond UCITS ETF
X7PS.MI,Invesco STOXX Europe 600 Optimised Banks UCITS ETF
SVE.MI,UBS (Lux) Fund Solutions – MSCI Switzerland 20/35 UCITS ETF
COMF.MI,L&G Longer Dated All Commodities UCITS ETF
XXSC.MI,Xtrackers MSCI Europe Small Cap UCITS ETF
BRES.MI,Lyxor Index Fund - Lyxor Stoxx Europe 600 Basic Resources UCITS ETF
AUTP.MI,Lyxor Index Fund - Lyxor STOXX Europe 600 Automobiles & Parts UCITS ETF
TELE.MI,Lyxor Index Fund - Lyxor Stoxx Europe 600 Telecommunications UCITS ETF
CATH.MI,Lyxor Index Fund - Lyxor MSCI World Catholic Principles ESG (DR) UCITS ETF
IWQU.MI,iShares Edge MSCI World Quality Factor UCITS ETF
RTA.MI,Lyxor Index Fund - Lyxor STOXX Europe 600 Retail UCITS ETF
WRDEUA.MI,UBS (Lux) Fund Solutions – MSCI World UCITS ETF
FEQD.MI,Fidelity Europe Quality Income UCITS ETF
IQEG.MI,IndexIQ Factors Sustainable Sovereign Euro Bond
WRDEUA.MI,UBS (Lux) Fund Solutions – MSCI World UCITS ETF
WFIN.MI,SPDR MSCI World Financials UCITS ETF
FPXR.MI,Fidelity Sustainable Research Enhanced Pacific ex-Japan Equity UCITS ETF
FEUI.MI,Fidelity Europe Quality Income UCITS ETF
XZHY.MI,Xtrackers ESG USD High Yield Corporate Bond UCITS ETF
UKE.MI,UBS (Lux) Fund Solutions – MSCI United Kingdom UCITS ETF
HYS.MI,Lyxor Index Fund - Lyxor BofAML € Short Term High Yield Bond UCITS ETF
EUREUA.MI,UBS (Lux) Fund Solutions – MSCI Europe UCITS ETF
MVOL.MI,iShares Edge MSCI World Minimum Volatility UCITS ETF
ULOVD.MI,UBS (Irl) ETF plc - Factor MSCI USA Low Volatility UCITS ETF
XD3E.MI,Xtrackers Euro Stoxx Quality Dividend UCITS ETF
PABWD.MI,Lyxor Net Zero 2050 S&P Europe Climate PAB (DR) UCITS ETF - Acc
INS.MI,Lyxor Index Fund - Lyxor STOXX Europe 600 Insurance UCITS ETF
VNTM.MI,VanEck Multi-Asset Balanced Allocation UCITS ETF
SPY4.MI,SPDR S&P 400 US Mid Cap UCITS ETF
RTA.MI,Lyxor Index Fund - Lyxor STOXX Europe 600 Retail UCITS ETF
DRGN.MI,L&G China CNY Bond UCITS ETF
FLRG.MI,Franklin Euro Green Bond UCITS ETF
ELOW.MI,SPDR EURO STOXX Low Volatility UCITS ETF
FOO.MI,Lyxor Index Fund - Lyxor Stoxx Europe 600 Food & Beverage UCITS ETF
FINSW.MI,Lyxor MSCI World Financials TR UCITS ETF
WHEA.MI,SPDR MSCI World Health Care UCITS ETF
FEUR.MI,Fidelity Sustainable Research Enhanced Europe Equity UCITS ETF
TNO.MI,Lyxor Index Fund - Lyxor Stoxx Europe 600 Technology UCITS ETF
AWESG.MI,UBS (IRL) ETF Plc – MSCI ACWI ESG Universal Low Carbon Select UCITS ETF
IWSZ.MI,iShares Edge MSCI World Size Factor UCITS ETF
ICFP.MI,Invesco MSCI Europe ESG Leaders Catholic Principles UCITS ETF
CHM.MI,Lyxor Index Fund - Lyxor STOXX Europe 600 Chemicals UCITS ETF
XSMI.MI,Xtrackers Switzerland UCITS ETF
WLDC.MI,Amundi MSCI World II UCITS ETF
SW2CHB.MI,UBS (Lux) Fund Solutions – MSCI Switzerland 20/35 UCITS ETF
IWMO.MI,iShares Edge MSCI World Momentum Factor UCITS ETF
R2US.MI,SPDR Russell 2000 US Small Cap UCITS ETF
UTI.MI,Lyxor Index Fund - Lyxor Stoxx Europe 600 Utilities UCITS ETF
SEL.MI,Lyxor Index Fund - Lyxor STOXX Europe Select Dividend 30 UCITS ETF
INDG.MI,Lyxor Index Fund - Lyxor STOXX Europe 600 Industrial Goods & Services UCITS ETF
FINS.MI,Lyxor Index Fund - Lyxor STOXX Europe 600 Financial Services UCITS ETF
TNOW.MI,Lyxor MSCI World Information Technology TR UCITS ETF
USTH.MI,Lyxor Nasdaq-100 Ucits ETF
WTEC.MI,SPDR MSCI World Technology UCITS ETF
EMLC.MI,VanEck J.P. Morgan EM Local Currency Bond UCITS ETF
FUSR.MI,Fidelity Sustainable Research Enhanced US Equity UCITS ETF
HLTW.MI,Lyxor MSCI World Health Care TR UCITS ETF
REEU.MI,AMUNDI INDEX SOL-Lyxor Stoxx Europe 600 Real Estate UCITS ETF
VTOF.MI,VanEck Multi-Asset Growth Allocation UCITS ETF
XSOE.MI,WisdomTree Emerging Markets ex-State-Owned Enterprises ESG Screened UCITS ETF
CIB.MI,UBS (Lux) Fund Solutions – J.P. Morgan CNY China Government 1-10 Year Bond UCITS ETF
XDER.MI,Xtrackers FTSE Developed Europe Real Estate UCITS ETF
IPIR.MI,iShares VII PLC - iShares FTSE Italia Mid-Small Cap UCITS ETF
CSUS.MI,iShares VII PLC - iShares MSCI USA UCITS ETF USD (Acc)
AWSRIE.MI,UBS (Irl) ETF plc - MSCI ACWI Socially Responsible UCITS ETF
CANEUA.MI,UBS (Lux) Fund Solutions – MSCI Canada UCITS ETF
CANA.MI,UBS (Lux) Fund Solutions – MSCI Canada UCITS ETF
CSMIB.MI,iShares VII PLC - iShares FTSE MIB UCITS ETF EUR (Acc)
CSUK.MI,iShares VII PLC - iShares MSCI UK UCITS ETF GBP (Acc)
CAHEUA.MI,UBS (Lux) Fund Solutions – MSCI Canada UCITS ETF
EQLTD.MI,UBS (Lux) Fund Solutions – Factor MSCI EMU Quality ESG UCITS ETF
AWSRIA.MI,UBS (Irl) ETF plc - MSCI ACWI Socially Responsible UCITS ETF
CCEUAS.MI,UBS (Irl) Fund Solutions plc - CMCI Composite SF UCITS ETF
EUFM.MI,UBS (Lux) Fund Solutions – MSCI EMU Select Factor Mix UCITS ETF
CCUSAS.MI,UBS (Irl) Fund Solutions plc - CMCI Composite SF UCITS ETF
SPDA.MI,UBS (Irl) ETF plc - S&P USA Dividend Aristocrats ESG Elite UCITS ETF
SEME.MI,iShares MSCI Global Semiconductors UCITS ETF
IMIB.MI,iShares FTSE MIB UCITS ETF EUR (Dist)
XDG7.MI,Xtrackers MSCI Global SDG 7 Affordable and Clean Energy UCITS ETF
CNAA.MI,Amundi MSCI China A UCITS ETF
LOWV.MI,SPDR S&P 500 Low Volatility UCITS ETF
JYEH.MI,JPMorgan ETFs (Ireland) ICAV Global High Yield Corporate Bond Multi-Factor UCITS ETF
GLDVDE.MI,UBS (Irl) ETF plc – S&P Dividend Aristocrats ESG Elite UCITS ETF
ETFMIB.MI,Amundi FTSE MIB UCITS ETF
XCAN.MI,Xtrackers MSCI Canada ESG Screened UCITS ETF
EQQQ.MI,Invesco EQQQ NASDAQ-100 UCITS ETF
COMO.MI,Amundi Bloomberg Equal-weight Commodity ex-Agriculture UCITS ETF
EQEU.MI,Invesco EQQQ NASDAQ-100 UCITS ETF
PQVM.MI,Invesco S&P 500 QVM UCITS ETF
ITAPIR.MI,Lyxor Italia Equity PIR UCITS ETF
IFSU.MI,iShares Edge MSCI USA Multifactor UCITS ETF
UEDV.MI,SPDR S&P U.S. Dividend Aristocrats ESG UCITS ETF
XDG6.MI,Xtrackers MSCI Global SDG 6 Clean Water & Sanitation UCITS ETF
XNNV.MI,Xtrackers MSCI Innovation UCITS ETF
IQEC.MI,IndexIQ Factors Sustainable Corporate Euro Bond
XDGI.MI,Xtrackers MSCI Global SDGs UCITS ETF
JGHY.MI,JPMorgan ETFs (Ireland) ICAV Global High Yield Corporate Bond Multi-Factor UCITS ETF
WLDX.MI,Multi Units France - Amundi MSCI World Ex EMU SRI Climate Net Zero Ambition PAB UCITS ETF
MIBA.MI,Amundi FTSE MIB UCITS ETF
EUN.MI,iShares STOXX Europe 50 UCITS ETF
S6EW.MI,Ossiam STOXX Europe 600 ESG Equal Weight NR UCITS ETF
XGEN.MI,Xtrackers MSCI Genomic Healthcare Innovation UCITS ETF
ENCO.MI,L&G Multi-Strategy Enhanced Commodities UCITS ETF
MCHN.MI,Invesco MSCI China All Shares Connect UCITS ETF
XFNT.MI,Xtrackers MSCI Fintech Innovation UCITS ETF
XNGI.MI,Xtrackers MSCI Next Generation Internet Innovation UCITS ETF
IQJP.MI,IndexIQ Factors Sustainable Japan Equity
XAIX.MI,Xtrackers Artificial Intelligence & Big Data UCITS ETF
EQAC.MI,Invesco EQQQ NASDAQ-100 UCITS ETF
GLDVD.MI,UBS (Irl) ETF plc – S&P Dividend Aristocrats ESG Elite UCITS ETF
FLUC.MI,Franklin USD Investment Grade Corporate Bond UCITS ETF
SMH.MI,VanEck Semiconductor UCITS ETF
XMOV.MI,Xtrackers Future Mobility UCITS ETF
CSNDX.MI,iShares VII PLC - iShares NASDAQ 100 UCITS ETF
PSREUA.MI,UBS (Lux) Fund Solutions – MSCI Pacific Socially Responsible UCITS ETF
XMAW.MI,Xtrackers MSCI AC World ESG Screened UCITS ETF
XMAE.MI,Xtrackers MSCI AC World ESG Screened UCITS ETF
XIGB.MI,Xtrackers India Government Bond UCITS ETF
TDIV.MI,VanEck Morningstar Developed Markets Dividend Leaders UCITS ETF
XSLR.MI,Xtrackers IE Physical Silver ETC
EMUS.MI,L&G ESG Emerging Markets Corporate Bond (USD) UCITS ETF
JMBE.MI,JPMorgan ETFs (Ireland) ICAV - USD Emerging Markets Sovereign Bond UCITS ETF
EHYB.MI,Invesco Euro Corporate Hybrid Bond UCITS ETF
USEU.MI,WisdomTree Short USD Long EUR
EUUS.MI,WisdomTree Long USD Short EUR
XDBC.MI,Xtrackers Bloomberg Commodity ex-Agriculture & Livestock Swap UCITS ETF
EHBA.MI,Invesco Euro Corporate Hybrid Bond UCITS ETF
AT1D.MI,Invesco AT1 Capital Bond ETF
PFT.MI,Invesco FTSE RAFI US 1000 UCITS ETF
JPMB.MI,JPMorgan ETFs (Ireland) ICAV - USD Emerging Markets Sovereign Bond UCITS ETF
EUNO.MI,WisdomTree Long NOK Short EUR
AUEU.MI,WisdomTree Short AUD Long EUR
EUGB.MI,WisdomTree Long GBP Short EUR
XAT1.MI,Invesco AT1 Capital Bond ETF
GBEU.MI,WisdomTree Short GBP Long EUR
NOEU.MI,WisdomTree Short NOK Long EUR
EUSE.MI,WisdomTree Long SEK Short EUR
JMBA.MI,JPMorgan ETFs (Ireland) ICAV - USD Emerging Markets Sovereign Bond UCITS ETF
PHAU.MI,WisdomTree Physical Gold
EUCH.MI,WisdomTree Long CHF Short EUR
AT1.MI,Invesco AT1 Capital Bond ETF
CLMD.MI,Lyxor Green Bond (DR) UCITS ETF
IEUX.MI,iShares MSCI Europe ex-UK UCITS ETF
XSSX.MI,Xtrackers Euro Stoxx 50 Short Daily Swap UCITS ETF
FLXG.MI,Franklin Global Equity SRI UCITS ETF
EMKTB.MI,Lyxor Index Fund - Lyxor iBoxx $ Liquid Emerging Markets Sovereign UCITS ETF
DGTL.MI,iShares Digitalisation UCITS ETF
KA50.MI,KraneShares MSCI China A Share UCITS ETF
MGT.MI,Lyxor DJ Global Titans 50 UCITS ETF
BSX.MI,Amundi EURO STOXX 50 Daily (-1x) Inverse UCITS ETF
IMIE.MI,SPDR MSCI ACWI IMI UCITS ETF
ITAMID.MI,Amundi FTSE Italia PMI PIR 2020 UCITS ETF
EMV.MI,iShares Edge MSCI EM Minimum Volatility UCITS ETF USD (Acc)
HYEM.MI,VanEck Emerging Markets High Yield Bond UCITS ETF
CLIM.MI,Lyxor Green Bond (DR) UCITS ETF
LDAP.MI,L&G Quality Equity Dividends ESG Exclusions Asia Pacific ex-Japan UCITS ETF
FLQA.MI,Franklin FTSE Asia ex China ex Japan UCITS ETF
DJSC.MI,iShares EURO STOXX Small UCITS ETF
IUSP.MI,iShares US Property Yield UCITS ETF
INAA.MI,iShares MSCI North America UCITS ETF
GWT.MI,Lyxor Index Fund - Lyxor MSCI EMU Growth (DR) UCITS ETF
MMLP.MI,Alerian Midstream Energy Dividend UCITS ETF
USDV.MI,SPDR S&P US Dividend Aristocrats UCITS ETF
XAD6.MI,Xtrackers Physical Silver ETC (EUR)
AUSAUW.MI,UBS (Irl) ETF plc - MSCI Australia UCITS ETF
MMS.MI,Lyxor Index Fund - Lyxor MSCI EMU Small Cap UCITS ETF
USDE.MI,SPDR S&P US Dividend Aristocrats UCITS ETF
GLRE.MI,SPDR Dow Jones Global Real Estate UCITS ETF
DAXLEV.MI,MULTI-UNITS LUXEMBOURG - Lyxor DAILY LevDAX UCITS ETF
DJMC.MI,iShares EURO STOXX Mid UCITS ETF
BTP2S.MI,Amundi Italy BTP Daily (-2x) Inverse UCITS ETF
DJLEV.MI,Amundi EURO STOXX 50 Daily (2x) Leveraged UCITS ETF
AUHEUA.MI,UBS (Irl) ETF plc - MSCI Australia UCITS ETF
SBIO.MI,Invesco NASDAQ Biotech UCITS ETF
XSDX.MI,Xtrackers ShortDAX Daily Swap UCITS ETF
CNYB.MI,iShares China CNY Bond UCITS ETF
IPRP.MI,iShares European Property Yield UCITS ETF
ECAR.MI,iShares Electric Vehicles and Driving Technology UCITS ETF
AUST.MI,Lyxor Australia (S&P/ASX 200) UCITS ETF
IUKD.MI,iShares UK Dividend UCITS ETF
VAL.MI,Lyxor Index Fund - Lyxor MSCI EMU Value (DR) UCITS ETF
DEL2.MI,L&G DAX Daily 2x Long UCITS ETF
CITY.MI,iShares Smart City Infrastructure UCITS ETF
AGED.MI,iShares Ageing Population UCITS ETF
MGIN.MI,SPDR Morningstar Multi-Asset Global Infrastructure UCITS ETF
JNKE.MI,SPDR Bloomberg Euro High Yield Bond UCITS ETF
GFA.MI,VanEck Global Fallen Angel High Yield Bond UCITS ETF
RBOT.MI,iShares Automation & Robotics UCITS ETF
LOCK.MI,iShares Digital Security UCITS ETF
IDVY.MI,iShares Euro Dividend UCITS ETF
HEAL.MI,iShares Healthcare Innovation UCITS ETF
SHEME.MI,UBS (Lux) Fund Solutions – J.P. Morgan USD EM Diversified Bond 1-5 UCITS ETF
SBEM.MI,UBS (Lux) Fund Solutions – Bloomberg USD Emerging Markets Sovereign UCITS ETF
EMRG.MI,SPDR MSCI Emerging Markets UCITS ETF
SHEMB.MI,UBS (Lux) Fund Solutions – J.P. Morgan USD EM Diversified Bond 1-5 UCITS ETF
SBEME.MI,UBS (Lux) Fund Solutions – Bloomberg USD Emerging Markets Sovereign UCITS ETF
CSUSS.MI,iShares VII PLC - iShares MSCI USA Small Cap ESG Enhanced UCITS ETF USD (Acc)
XCTE.MI,Xtrackers Harvest MSCI China Tech 100 UCITS ETF
LERN.MI,Rize Education Tech and Digital Learning UCITS ETF
REWLD.MI,Lyxor Index Fund - Lyxor FTSE Epra/Nareit Global Developed UCITS ETF
INDO.MI,Lyxor MSCI Indonesia UCITS ETF
JPN.MI,Amundi Japan TOPIX II UCITS ETF
CYBR.MI,Rize UCITS ICAV - Rize Cybersecurity Data Privacy UCITS ETF
FLXX.MI,Franklin Global Quality Dividend UCITS ETF
WDNA.MI,WisdomTree BioRevolution UCITS ETF
SR2000.MI,Invesco Russell 2000 UCITS ETF
FSEM.MI,Fidelity Sustainable USD EM Bond UCITS ETF
EUMV.MI,Ossiam Europe ESG Machine Learning
XQUE.MI,Xtrackers ESG USD Emerging Markets Bond Quality Weighted UCITS ETF
FGEU.MI,Fidelity Global Quality Income ETF
GRC.MI,Amundi MSCI Greece UCITS ETF
IFSE.MI,iShares Edge MSCI Europe Multifactor UCITS ETF
CYBR.MI,Rize UCITS ICAV - Rize Cybersecurity Data Privacy UCITS ETF
FLXX.MI,Franklin Global Quality Dividend UCITS ETF
EUMV.MI,Ossiam Europe ESG Machine Learning
XQUE.MI,Xtrackers ESG USD Emerging Markets Bond Quality Weighted UCITS ETF
FGEU.MI,Fidelity Global Quality Income ETF
GRC.MI,Amundi MSCI Greece UCITS ETF
PMNT.MI,Rize Digital Payments Economy UCITS ETF
SR2000.MI,Invesco Russell 2000 UCITS ETF
REWLD.MI,Lyxor Index Fund - Lyxor FTSE Epra/Nareit Global Developed UCITS ETF
INDO.MI,Lyxor MSCI Indonesia UCITS ETF
JPN.MI,Amundi Japan TOPIX II UCITS ETF
FGQI.MI,Fidelity Global Quality Income ETF
EBUY.MI,Amundi MSCI Digital Economy and Metaverse ESG Screened UCITS ETF Acc
IQCT.MI,Lyxor Index Fund - Lyxor MSCI Smart Cities ESG Filtered (DR) UCITS ETF
SDHY.MI,iShares $ Short Duration High Yield Corp Bond UCITS ETF
CHIP.MI,Amundi MSCI Semiconductors ESG Screened UCITS ETF
TUR.MI,Lyxor MSCI Turkey UCITS ETF
JPNH.MI,Amundi Japan TOPIX II UCITS ETF
XQUA.MI,Xtrackers ESG USD Emerging Markets Bond Quality Weighted UCITS ETF
ACWI.MI,Lyxor Msci All Country World Ucits ETF
GLDV.MI,SPDR S&P Global Dividend Aristocrats UCITS ETF
SDIV.MI,Global X SuperDividend UCITS ETF
EMLOC.MI,UBS (Lux) Fund Solutions – J.P. Morgan EM Multi-Factor Enhanced Local Currency Bond UCITS ETF
EMHE.MI,SPDR ICE BofA 0-5 Year EM USD Government Bond UCITS ETF
PAVE.MI,Global X U.S. Infrastructure Development UCITS ETF
EMH5.MI,SPDR ICE BofA 0-5 Year EM USD Government Bond UCITS ETF
CSCA.MI,iShares VII PLC - iShares MSCI Canada UCITS ETF
CSJP.MI,iShares VII PLC - iShares MSCI Japan UCITS ETF USD (Acc)
CSNKY.MI,iShares VII PLC - iShares Nikkei 225 UCITS ETF JPY (Acc)
DOCT.MI,L&G Healthcare Breakthrough UCITS ETF
HTWO.MI,L&G Hydrogen Economy UCITS ETF
AIAI.MI,L&G Artificial Intelligence UCITS ETF
GLUG.MI,L&G Clean Water UCITS ETF
BIOT.MI,L&G Pharma Breakthrough UCITS ETF
EMUL.MI,iShares MSCI EMU Large Cap UCITS ETF
DPAY.MI,Legal & General UCITS ETF Plc - L&G Digital Payments UCITS ETF
MOAT.MI,VanEck Morningstar US Sustainable Wide Moat UCITS ETF
PHPD.MI,WisdomTree Physical Palladium
RENW.MI,L&G Clean Energy UCITS ETF
GSEM.MI,Goldman Sachs ActiveBeta Emerging Markets Equity UCITS ETF
ECOM.MI,L&G Ecommerce Logistics UCITS ETF
BATT.MI,L&G Battery Value-Chain UCITS ETF
VPN.MI,Global X Data Center REITs & Digital Infrastructure UCITS ETF
SEML.MI,iShares J.P. Morgan EM Local Govt Bond UCITS ETF
AQWA.MI,Global X Clean Water UCITS ETF
FEMI.MI,Fidelity Emerging Markets Quality Income UCITS ETF
PRFD.MI,Invesco Preferred Shares UCITS ETF
GNOM.MI,Global X Genomics & Biotechnology UCITS ETF
MLPD.MI,Invesco Morningstar US Energy Infrastructure MLP UCITS ETF
IFSW.MI,iShares Edge MSCI World Multifactor UCITS ETF
EMIGE.MI,UBS (Lux) Fund Solutions – J.P. Morgan USD EM IG ESG Diversified Bond UCITS ETF
EMIG.MI,UBS (Lux) Fund Solutions – J.P. Morgan USD EM IG ESG Diversified Bond UCITS ETF
PRFE.MI,Invesco Preferred Shares UCITS ETF
RNRG.MI,Global X Renewable Energy Producers UCITS ETF
HYGN.MI,Global X Hydrogen UCITS ETF
THEP.MI,Tabula EUR HY Bond Paris-Aligned Climate UCITS ETF (EUR)
HTWN.MI,HSBC MSCI Taiwan Capped UCITS ETF
XAUS.MI,Xtrackers S&P ASX 200 UCITS ETF
WNDY.MI,Global X Wind Energy UCITS ETF
XGSD.MI,Xtrackers Stoxx Global Select Dividend 100 Swap UCITS ETF
CROP.MI,Global X AgTech & Food Innovation UCITS ETF
FEMR.MI,Fidelity Sustainable Research Enhanced Emerging Markets Equity UCITS ETF
SAUS.MI,iShares MSCI Australia UCITS ETF
APEX.MI,MULTI-UNITS LUXEMBOURG - Lyxor MSCI AC Asia Ex Japan UCITS ETF
BKCH.MI,Global X Blockchain UCITS ETF
HIDD.MI,HSBC MSCI Indonesia UCITS ETF
EMBE.MI,iShares J.P. Morgan $ EM Bond EUR Hedged UCITS ETF (Dist)
DJE.MI,Lyxor Dow Jones Industrial Average UCITS ETF
HKOR.MI,HSBC MSCI KOREA CAPPED UCITS ETF
XSPS.MI,Xtrackers S&P 500 Inverse Daily Swap UCITS ETF
HSTE.MI,HSBC Hang Seng Tech UCITS ETF
MLPS.MI,Invesco Morningstar US Energy Infrastructure MLP UCITS ETF
EST.MI,Lyxor MSCI Eastern Europe ex Russia UCITS ETF
XCHA.MI,Xtrackers CSI300 Swap UCITS ETF
WING.MI,iShares Fallen Angels High Yield Corp Bond UCITS ETF
GDIG.MI,VanEck Global Mining UCITS ETF
HERU.MI,Global X Video Games & Esports UCITS ETF
RAYZ.MI,Global X Solar UCITS ETF
IWRD.MI,iShares MSCI World UCITS ETF
CIT.MI,UBS ETF - Solactive China Technology UCITS ETF
CITE.MI,UBS ETF - Solactive China Technology UCITS ETF
GOAT.MI,VanEck Morningstar Global Wide Moat UCITS ETF
GDX.MI,VanEck Gold Miners UCITS ETF
ZINC.MI,WisdomTree Zinc
ECOP.MI,WisdomTree Copper - EUR Daily Hedged
SUGA.MI,WisdomTree Sugar
XGDE.MI,Xtrackers IE Physical Gold EUR Hedged ETC Securities
SOYB.MI,WisdomTree Soybeans
WEAT.MI,WisdomTree Wheat
EBUL.MI,WisdomTree Gold - EUR Daily Hedged
ESVR.MI,WisdomTree Silver - EUR Daily Hedged
CRUD.MI,WisdomTree WTI Crude Oil
ECRD.MI,WisdomTree WTI Crude Oil - EUR Daily Hedged
AIGS.MI,WisdomTree Softs
EWAT.MI,WisdomTree Wheat - EUR Daily Hedged
SOYO.MI,WisdomTree Soybean Oil
IHYE.MI,iShares $ High Yield Corp Bond UCITS ETF
GDXJ.MI,VanEck Junior Gold Miners UCITS ETF
ISAG.MI,iShares V PLC - iShares Agribusiness UCITS ETF USD (Acc)
ESPO.MI,VanEck Video Gaming and eSports UCITS ETF
IHYE.MI,iShares $ High Yield Corp Bond UCITS ETF
ZERO.MI,HANetf S&P Global Clean Energy Select HANzero UCITS ETF
PADV.MI,SPDR S&P Pan Asia Dividend Aristocrats UCITS ETF
CYBO.MI,VanEck Bionic Engineering UCITS ETF
EMAE.MI,SPDR MSCI EM Asia UCITS ETF
IWDE.MI,iShares V PLC - iShares MSCI World EUR Hedged UCITS ETF (Acc)
HDRO.MI,VanEck Hydrogen Economy UCITS ETF
GDXJ.MI,VanEck Junior Gold Miners UCITS ETF
VITA.MI,Rize Environmental Impact 100 UCITS ETF
IHYG.MI,iShares € High Yield Corp Bond UCITS ETF
IHYU.MI,iShares $ High Yield Corp Bond UCITS ETF
ISJP.MI,iShares MSCI Japan Small Cap UCITS ETF USD (Dist)
CSEMUS.MI,iShares VII PLC - iShares MSCI EMU Small Cap UCITS ETF EUR (Acc)
CBND.MI,Goldman Sachs Access China Government Bond UCITS ETF
SKYY.MI,HAN-GINS Cloud Technology Equal Weight UCITS ETF
WELL.MI,HAN-GINS Indxx Healthcare Megatrend Equal Weight UCITS ETF
ITEK.MI,HAN-GINS Tech Megatrend Equal Weight UCITS ETF
IASP.MI,iShares Asia Property Yield UCITS ETF
IWDP.MI,iShares Developed Markets Property Yield UCITS ETF
IJPN.MI,iShares MSCI Japan UCITS ETF USD (Dist)
IAPD.MI,iShares Asia Pacific Dividend UCITS ETF
XAD1.MI,Xtrackers Physical Gold EUR Hedged ETC
CNEW.MI,VanEck New China ESG UCITS ETF
DES2.MI,L&G DAX Daily 2x Short UCITS ETF
XX25.MI,Xtrackers FTSE China 50 UCITS ETF
NRJC.MI,Amundi MSCI New Energy ESG Screened UCITS ETF
EMDE.MI,SPDR Bloomberg Emerging Markets Local Bond USD Base CCY Hdg to EUR UCITS ETF Acc
XSGI.MI,Xtrackers S&P Global Infrastructure Swap UCITS ETF
EMLD.MI,SPDR Bloomberg Emerging Markets Local Bond USD Base CCY Hdg to EUR UCITS ETF Acc
EMLA.MI,SPDR Bloomberg Emerging Markets Local Bond USD Base CCY Hdg to EUR UCITS ETF Acc
GCLE.MI,Invesco Markets II plc - Invesco Global Clean Energy UCITS ETF
SPX2S.MI,Lyxor S&P 500 Daily (-2x) Inverse UCITS ETF
XS2L.MI,Xtrackers S&P 500 2x Leveraged Daily Swap UCITS ETF
SPXJ.MI,iShares MSCI Pacific ex-Japan UCITS ETF USD (Dist)
LQQ.MI,Amundi Nasdaq-100 Daily (2x) Leveraged UCITS ETF
LEVMIB.MI,Amundi FTSE MIB Daily (2x) Leveraged UCITS ETF
AEJ.MI,MULTI-UNITS LUXEMBOURG - Lyxor MSCI AC Asia Pacific Ex Japan UCITS ETF
LVO.MI,Lyxor S&P 500 VIX Futures Enhanced Roll UCITS ETF
BERMIB.MI,Amundi FTSE MIB Daily (-1x) Inverse UCITS ETF
DAX2S.MI,Amundi ShortDAX Daily (-2x) Inverse UCITS ETF
BXX.MI,Amundi EURO STOXX 50 Daily (-2x) Inverse UCITS ETF
WAT.MI,Amundi MSCI Water ESG Screened UCITS ETF
ENER.MI,Amundi MSCI New Energy ESG Screened UCITS ETF
XBRMIB.MI,Amundi FTSE MIB Daily (-2x) Inverse UCITS ETF
WATC.MI,Amundi MSCI Water ESG Screened UCITS ETF
LITU.MI,Global X Lithium & Battery Tech UCITS ETF
IJPE.MI,iShares V PLC - iShares MSCI Japan EUR Hedged UCITS ETF (Acc)
CAPE.MI,Ossiam Shiller Barclays Cape Europe Sector Value TR
XAXJ.MI,Xtrackers MSCI AC Asia ex Japan ESG Swap UCITS ETF
JETS.MI,HANetf - U.S. Global Jets UCITS ETF
XMIN.MI,Xtrackers MSCI Indonesia Swap UCITS ETF
XS7W.MI,Xtrackers Portfolio Income UCITS ETF
SPMV.MI,Ossiam US Minimum Variance ESG NR UCITS ETF
XMEA.MI,Xtrackers MSCI EM Europe, Middle East & Africa ESG Swap UCITS ETF
XMKO.MI,Xtrackers MSCI Korea UCITS ETF
DAPP.MI,VanEck Crypto & Blockchain Innovators UCITS ETF
CSMXCP.MI,iShares VII PLC - iShares MSCI Mexico Capped UCITS ETF
COPX.MI,Global X Copper Miners UCITS ETF
URNU.MI,Global X Uranium UCITS ETF
KURE.MI,KraneShares MSCI All China Health Care Index UCITS ETF
SRSA.MI,iShares MSCI South Africa UCITS ETF
CLMA.MI,iClima Global Decarbonisation Enablers ETF
XMAS.MI,Xtrackers MSCI EM Asia ESG Screened Swap UCITS ETF
CAPU.MI,Ossiam Shiller Barclays Cape US Sector Value TR
AUCO.MI,L&G Gold Mining UCITS ETF
CSKR.MI,iShares VII PLC - iShares MSCI Korea UCITS ETF USD (Acc)
BRA.MI,Lyxor MSCI Brazil UCITS ETF
BCHN.MI,Invesco CoinShares Global Blockchain UCITS ETF
XMBR.MI,Xtrackers MSCI Brazil UCITS ETF
RQFI.MI,Xtrackers Harvest CSI300 UCITS ETF
XMEX.MI,Xtrackers MSCI Mexico UCITS ETF
EDOC.MI,Global X Telemedicine & Digital Health UCITS ETF
TRYP.MI,HANetf ICAV - The Travel UCITS ETF
SX5E3S.MI,SG ETC EURO STOXX 50 -3x Daily Short Collateralized
DIGI.MI,Digital Infrastructure and Connectivity UCITS ETF
SX5E3L.MI,SG ETC EURO STOXX 50 +3x Daily Leveraged Collateralized
MIB3S.MI,SG ETC FTSE MIB -3x Daily Short Collateralized
TANN.MI,HANetf ICAV - Solar Energy UCITS ETF
DAX3L.MI,SG ETC DAX +3x Daily Leveraged Collateralized
DAX3S.MI,SG ETC DAX -3x Daily Short Collateralized
MIB3L.MI,SG ETC FTSE MIB +3x Daily Leveraged Collateralized
ISPY.MI,L&G Cyber Security UCITS ETF
XQUI.MI,Xtrackers Portfolio UCITS ETF
XT21.MI,Xtrackers S&P 500 2x Inverse Daily Swap UCITS ETF
XLPE.MI,Xtrackers LPX Private Equity Swap UCITS ETF
XSLE.MI,Xtrackers IE Physical Silver EUR Hedged ETC
XPPE.MI,Xtrackers IE Physical Platinum EUR Hedged ETC Securities
IKOR.MI,iShares MSCI Korea UCITS ETF (Dist)
IBZL.MI,iShares MSCI Brazil UCITS ETF USD (Dist)
ITKY.MI,iShares MSCI Turkey UCITS ETF
LTAM.MI,iShares MSCI EM Latin America UCITS ETF
IFFF.MI,iShares MSCI AC Far East ex-Japan UCITS ETF
ITWN.MI,iShares MSCI Taiwan UCITS ETF
BR50.MI,iShares BIC 50 UCITS ETF
F4DE.MI,Ossiam Food for Biodiversity UCITS ETF
5HEE.MI,Ossiam ESG Low Carbon Shiller Barclays CAPE US Sector UCITS ETF
AMAL.MI,Saturna Al-Kawthar Global Focused Equity UCITS ETF
YODA.MI,HANetf ICAV - Procure Space UCITS ETF
XAD3.MI,Xtrackers Physical Platinum EUR Hedged ETC
XAD2.MI,Xtrackers Physical Silver EUR Hedged ETC
ROBO.MI,L&G ROBO Global Robotics and Automation UCITS ETF
KSTR.MI,KraneShares ICBCCS SSE Star Market 50 Index UCITS ETF
XNIF.MI,Xtrackers Nifty 50 Swap UCITS ETF
LAFRI.MI,MULTI-UNITS LUXEMBOURG - Lyxor Pan Africa UCITS ETF
XFVT.MI,Xtrackers FTSE Vietnam Swap UCITS ETF
CAVE.MI,VanEck Smart Home Active UCITS ETF
INDI.MI,Amundi MSCI India II UCITS ETF
EMQQ.MI,EMQQ Emerging Markets Internet & Ecommerce UCITS ETF
CASH.MI,L&GE Fund MSCI China A UCITS ETF
XSFR.MI,Xtrackers S&P Select Frontier Swap UCITS ETF
USE5.MI,WisdomTree Short USD Long EUR 5x Daily
CEUD.MI,iShares VII PLC -iShares Core MSCI EMU UCITS ETF
SUOU.MI,iShares $ Corp Bond ESG UCITS ETF
CSEMU.MI,iShares VII PLC -iShares Core MSCI EMU UCITS ETF
SJPA.MI,iShares Core MSCI Japan IMI UCITS ETF
LSUG.MI,WisdomTree Sugar 2x Daily Leveraged
LWEA.MI,WisdomTree Wheat 2x Daily Leveraged
5SIT.MI,GraniteShares 5x Short FTSE MIB Daily ETP
5MIB.MI,GraniteShares 5x Long FTSE MIB Daily ETP
COMGFB.MI,CompAM FUND - Global Flexible Blend Q Accumulation
HPSBAS.MI,Pharus Sicav Basic Fund
NMMAO.MI,New Millennium - Multi Asset Opportunity
SELJLB.MI,Selectra Investments SICAV - J. Lamarck Biotech
OCPTR.MI,Nasdaq India Real Estate Index
OTFBND.MI,Open Capital Bond Fund
QSFFGV.MI,Quaestio Solutions Funds- Family Global Value
NMTRF.MI,New Millennium - Total Return Flexible
NJJAP.MI,Nichejungle Icav - Nichejungle Japanese Orphan Companies Sdg Fund
PHSTPQ.MI,Pharus Sicav - Trend Player Fund
HPSDYN.MI,SUMUS - Strategic Fund Class All EUR Sub-Class Q cap shares
OCPPI.MI,Open Capital Professional Italy Fund
COMSBF.MI,CompAM Fund SICAV - SB Flexible Fund
OTFEUB.MI,Open Capital European Equity Fund
SP5A.MI,SPDR S&P 500 UCITS ETF Acc
IBE5.MI,iShares iBonds 25 Crp EUR UCIT
PLAFBL.MI,Plurima Funds - Apuano Flexible Bond Fund
BONVAL.MI,Base Investments SICAV - Bonds Value EUR L
PAEM.MI,Invesco Markets II PLC - Msci Emerging Markets Esg Climate Paris Aligned Ucits ETF
USESG.MI,Credit Suisse Index Fund Ie ETF Icav - CSIF Ie Msci Usa Esg Leaders Blue Ucits Etf
BRES1.MI,SG ETC DAILY SHORT -1X BRENT OI
MACV.MI,BlackRock ESG Multi-Asset Cons
USCE.MI,SSGA SPDR ETFS Europe I Public Limited Company - SPDR MSCI World UCITS ETF
EMOVE.MI,Fineco Global Clean Energy ESG
HNSC.MI,HSBC ETFS PLC - HSBC Nasdaq Global Semiconductor Ucits ETF
LEMA.MI,Comstage Sicav - MSCI Emerging Market UCITS ETF
HPEM.MI,HSBC MSCI EM MKT CLIMA PARIS UC
SPEEU.MI,BNP Paribas Easy S&P 500 ESG UC
MODR.MI,BlackRock ESG Multi-Asset Mod U
USE3.MI,WisdomTree Short USD Long EUR 3x Daily
SB10.MI,UBS ETF SICAV - SBI Foreign AAA-BBB 5-10 UCITS ETF
SPAB.MI,Global X S&P 500 Annual Buffer
WDESG.MI,Credit Suisse Index Fund Ie ETF ICAV - CSIF Ie Msci World Esg Leaders Blue Ucits ETF
EMBHI.MI,LYXOR IBX $ LIQ EM SOV UCITS ET
WTIS1.MI,SG ETC DAILY SHORT -1X WTI OIL
IBE7.MI,iShares iBonds 27 Crp EUR UCIT
SESR.MI,SPDR BBG SASB 0-3Y EUR CRP ESG
H50A.MI,HSBC EURO STOXX 50 UCITS ETF EU
XB29.MI,Xtrackers II - Xtrackers II Target Maturity Sept 2029 EUR Corporate Bond UCITS ETF
XB31.MI,Xtrackers II - Xtrackers II Target Maturity Sept 2031 EUR Corporate Bond UCITS ETF
H1DRO.MI,SG ETN WORLD HYDROGEN
INQQ.MI,Hanetf Icav - Inqq India Internet and Ecommerce Esg S Ucits ETF
GSOV.MI,Franklin Sust Euro Green Sover
XB27.MI,Xtrackers II Target Maturity Sept 2027 EUR Corporate Bond UCITS ETF
HYDE.MI,Invesco Markets II Plc - Invesco Hydrogen Economy Ucits ETF
VNGD20.MI,Vanguard Funds PLC - Vanguard Lifestrategy 20 Equity UCITS ETF
COMH.MI,AMUNDI BB E-W COMM EX-AGR HED
KWBE.MI,KRANESHARES CSI CHINA INTERNET
BTECH.MI,Fam Series Ucits Icav - Fineco Am Marketvector Bioproduction Tech And Tools Esg Fund
JEGA.MI,Global Equity Premium Income UCITS ETF
XB33.MI,Xtrackers Mat Sept33 EUR Corp U
MAGR.MI,BlackRock ESG Multi-Asset Grow
PAWD.MI,Invesco Markets II PLC - Invesco Msci World Esg Climate Paris Aligned Ucits ETF
ECO.MI,Ubs Etf - Bloomberg Barclays Msci Global Liquid Corporates Sustainable Ucits ETF
METAA.MI,FAM Series UCITS ICAV - Fineco AM MarketVector Global Metaverse & e-Games ESG UCITS ETF
JPMQ.MI,Fineco Japan Quality Tilt ESG U
SB5.MI,UBS ETF SICAV - SBI Foreign AAA-BBB 1-5 UCITS ETF
AHYU.MI,Axa Im Etf Icav - Axa Im Us High Yield Opportunities Ucits ETF
AI4U.MI,Fam Series Ucits Icav - Fineco Am Marketvector Artificial Intelligence Esg Fund
UHYE.MI,Invesco Markets II Plc - Invesco Usd High Yield Corporate Bond Esg Ucits ETF
VNGD80.MI,Vanguard Funds PLC - Vanguard Lifestrategy 80 Equity UCITS ETF
